name,age,street,city,state,zip,lng,lat
Michael Taylor,67,221 Sandra Street,Meghanfurt,49305,-145.883380,-62.8064785
Jacqueline Smith,34,299 John Branch,Charlesside,83094,-101.758627,41.771647
Kenneth Thomas,66,81265 Leah Shore Apt. 099,Wardview,65794,-59.744201,-76.8861575
Lucas West,59,358 Osborn Divide Apt. 833,Donnaport,42434,-99.381092,-30.373434
Miguel Vaughn,29,729 Davis Stream,Lisafurt,48442,-138.325350,35.1443565
Nicholas Hernandez,67,74666 Brandon Glen,East David,06928,-36.024861,-23.875566
James Gray,71,89797 Crystal Canyon,Ballton,45159,171.631327,6.4858285
Patricia Hernandez,35,5138 Cindy Islands Suite 709,Aliciashire,19220,-167.188829,76.2872465
Jason Nelson,67,714 Billy Corners Apt. 042,Adamsfurt,15226,-18.875562,12.1678035
Scott Richardson,47,0919 Lisa Valley,New Sharonmouth,72503,-70.708344,-61.9821275
Ronald Randolph,79,0054 Webster Field Suite 927,Thomasmouth,27672,-117.684738,61.031112
Patrick Mckee,22,63750 Cheryl Passage,Martinezton,21794,148.993195,-65.9401295
Allen Smith,46,159 Lambert Plaza,North Jerry,42254,-136.782630,29.8175025
Nicole Ortiz,78,0394 Jose Way Apt. 476,East Alexander,97278,-136.741349,57.805815
Debbie Lopez,37,0307 Gallegos Centers Apt. 395,Rhondaside,20042,55.398680,26.7527075
Steven Beard,70,64766 Michael Roads Apt. 273,Brianbury,65970,-68.366936,-88.556947
Christina Myers,39,40966 Mason Turnpike Apt. 237,Chavezberg,62789,-52.802667,12.1085535
Adam Wilson,70,65731 Jennifer Plaza Suite 057,Gordonville,08450,27.527826,-41.464504
Janice Campos,25,958 Richard Islands Suite 610,Lake Stevenmouth,21374,-58.052527,-1.253364
Andrew Snyder,40,3989 Robin Station,New Kimberlymouth,64938,-15.381545,50.2694775
Deborah Brown,61,27282 Felicia Radial,Nicholefurt,88831,91.581967,-57.176561
Kaitlyn Rose,30,54320 Brian Circles Suite 711,Jessicafurt,71483,-76.721614,-15.6032065
Ivan Bailey,38,5290 Moore Center,Johnsonburgh,92314,-0.105176,48.8250845
Scott Kelly,32,40372 Kimberly Orchard,Kellyshire,64443,117.351873,-64.542157
Chelsea Miller,33,613 Stanley Rapids Apt. 044,East Stephanie,13789,106.542067,-50.736098
Kelsey Black,35,5375 Cook Spring Apt. 359,South Danielborough,59323,-30.252214,14.8508135
Anita Ward,33,0481 Miller Unions Apt. 153,West Robertborough,95501,100.692167,-46.1192465
Jennifer Jones,23,1477 Courtney Coves Suite 869,West Susanport,44825,-54.418066,89.795182
Joseph Ford,75,54317 Laura Trail Apt. 576,Michaelton,12142,124.053559,23.9351935
Megan Hernandez,71,96819 Smith Squares,South Joshuaville,72721,85.852994,-49.7767425
Erika Park,63,69867 Powers Alley,Port Stephenfort,91477,75.461399,-51.2859725
Chris Craig,21,6099 Hernandez Manor,Moodyland,77782,-147.525472,10.3551215
David Kirk,31,7884 Brandon Mountain,Dillonbury,95430,110.932217,-44.122385
Nicole Stafford,80,179 Riddle Rapid Suite 523,Kimberlyhaven,64613,-91.306741,-20.3259895
Billy Finley,19,30934 Patrick Branch Suite 867,South Alexander,78591,15.494836,72.712365
Ricky Taylor,30,8601 Randall Ville Suite 833,Andrewfurt,26210,-155.999162,-38.590312
Jesus Ashley,68,62173 Thomas Plaza Apt. 642,East Tom,73280,-178.400717,-8.284152
Tiffany Schultz,41,199 Alex Fort,Joshuaburgh,55427,-138.680350,-64.460137
Thomas Cabrera,78,4321 Susan Lakes Apt. 649,New Kayla,27232,-121.424153,19.866436
Debbie Clements,74,134 Kelly Walk Apt. 723,Jeffreyshire,25335,-24.254835,-87.131996
Sharon Tanner,46,5710 Medina Summit Apt. 319,Crosbyton,79176,152.565074,21.6330735
Taylor Lee,24,362 Friedman Islands Suite 494,New Alvinfurt,26037,-123.696754,69.271266
Mrs. Alexandria Dominguez,37,51119 Valencia Branch,North David,70787,-111.208477,83.166907
Max Graves,80,55168 Jimenez Alley,South Kelliberg,59415,152.842717,36.3225685
Michael Arnold,74,075 Ashley Well Suite 045,East Jason,58321,51.659876,-61.544933
Joshua Garrett,41,7114 Aaron Corners Apt. 306,Bowmantown,29568,126.268186,-62.0526405
Kendra Clark,46,12260 Saunders Spur Apt. 052,Port Eric,84515,79.041040,1.428821
Dominic Jones,21,17213 Bell Circle,Trevinoland,04114,-41.599850,34.592159
Tracy Martinez,42,2044 Timothy Road Suite 466,Priscillaberg,84447,179.232510,79.476564
Jason Boyd,48,639 Michelle Lakes Apt. 940,Lake Loriside,53879,56.149279,3.2431225
Lisa Perry,71,9045 Jesse Centers,North Laura,48436,52.448101,-2.802193
Julia Thomas,42,194 Steele Stravenue,North Nancyfurt,91655,165.844034,-60.360468
Cindy Velasquez,79,7439 Bauer Forge Apt. 064,South Ricky,78319,131.845644,-79.542257
Jerry Ayers,75,21313 Joshua Circles Suite 791,Mitchellville,86574,140.386430,-5.633840
Andrea Torres,20,7095 John Ramp Apt. 723,Joshuaburgh,04106,-135.258656,-80.743193
Kimberly Carr,43,91843 Steven Route Apt. 824,Hawkinsmouth,38276,41.155494,-18.280783
Erin Johnson,20,97455 Taylor Terrace,New George,10373,-129.106355,71.435206
Jillian Rodgers,53,859 Williams Ramp,East Antoniofurt,53511,-32.827317,42.062518
Abigail Owens,46,15676 Michelle Prairie Suite 283,Coleville,68441,114.469605,-71.3471675
Amanda Prince,38,71758 Tara Villages Suite 864,Lake Deborahborough,73407,157.275606,70.6848865
Nicole Smith,60,208 Helen Isle Apt. 565,Katherineview,71650,161.252863,-40.5856785
Jenny Lawrence,28,10207 Sarah Run Suite 366,West Cheryl,49969,-70.706799,-10.842735
Brett Jackson,78,8008 Fisher Lane Suite 641,Lake Sharon,47670,-15.300811,62.386535
Thomas Lewis,64,87554 Paul Via Suite 328,Kellytown,63516,-75.377142,65.0436235
Lisa Lloyd,58,646 Peterson Isle Apt. 455,North Loriberg,84991,141.776091,18.1955125
Stephanie Garcia,48,3881 Miller Way Apt. 439,New Courtneyland,01159,121.939400,-10.1066325
Gary Holt,27,7325 Bryan Freeway,West Donaldland,68869,112.910951,-18.9213465
Jacob Jones,35,5901 James Village,Hammondbury,52853,134.967675,-53.848952
David Walter,44,0777 Raymond Stravenue Apt. 994,New Ashley,58153,154.763295,-85.9351485
Samantha Winters,57,5317 Wilson Flats,New James,94674,47.307341,70.514337
Randy Pacheco,64,0438 Reyes Overpass,Port Jasonburgh,01614,149.568606,16.216269
Dr. Patricia Savage,70,1841 Malone Glens,Turnertown,21329,-91.208365,-53.1843275
Victoria Powers,18,637 Cantu Harbors Apt. 762,East Jenniferburgh,49165,159.767374,-8.388912
Shawn Cuevas,26,078 Spencer Plaza Suite 038,South Sarah,75923,39.376025,2.091724
Kimberly Tate,18,3474 Tina Drive,Andrewfurt,73038,-43.262931,-35.551867
Katie Short,28,1883 Anthony Lakes,North Sandra,12124,153.004666,18.903640
Justin Roman,23,08806 Daniel Junction Suite 922,Port Amber,48636,-107.812854,58.949330
Stephanie Martin,71,77181 Stanley Cove Apt. 795,Port Stephenhaven,27273,132.176669,-23.131827
Gregory Walker,46,947 Solomon Glens,East Daniellebury,27216,-21.455411,55.728576
Terry Tanner,22,6046 Karen Bypass Suite 686,Michaelchester,54925,-97.860930,8.829868
David Mitchell,29,2533 Johnson Glens,East April,33176,120.746647,-59.7452435
Stephanie Schaefer,22,287 Janice Landing Apt. 606,Brettbury,37128,-86.490651,6.031117
Terri Burke,28,3074 David Drive,Cannonmouth,27185,51.107206,-50.423841
Carmen Davis DVM,60,9638 Williams Hill Suite 195,Markburgh,29889,-16.906946,13.2525755
William Wheeler,46,07032 Todd Track,Melissahaven,56390,-26.367203,-65.679356
Samuel Griffith,79,2359 Williams Dam Suite 690,Sandersmouth,98934,-151.321576,35.5314345
Kevin George,42,7021 Allen Mountains Suite 146,Port Kathleenbury,58683,-59.463343,25.617709
John Ayala,53,81322 Castro Summit,Tammyberg,69583,-55.996274,-70.4654675
Joseph Black,28,9151 Miles Streets Suite 391,Mirandafurt,02705,-177.587809,-46.646940
Michael Cooke,50,1150 Lindsey Cliffs Suite 652,New Nancyville,64857,6.798520,70.4874035
Megan Russell,21,39809 Matthew Run Apt. 384,Lake Jack,34318,134.948679,-33.5754825
John Becker,66,1832 Nicholas Plain,Lake Michaelstad,94575,54.930779,34.716459
Courtney Wood,74,44598 Brenda Run,Josephborough,49924,-22.905590,86.4866055
Kenneth Brown,68,51554 David Route,North Sandra,78437,5.283056,-46.791405
Jacob Valencia,80,402 Gonzalez Radial Suite 800,Pruittside,26232,150.874500,-2.7264525
Justin Marshall,36,47814 Cervantes Valley Apt. 866,West Sharon,29771,6.488808,4.1423285
Aaron Garcia,67,375 Bryan Burg Suite 561,West Frank,75329,-69.399398,-46.9978885
Nicole Weaver,55,71159 Ariana Overpass Suite 638,South Curtis,73067,128.776510,-16.6097595
Justin Hall,20,7317 Kerry Wells,New Jennahaven,87248,-81.906860,-34.2857055
Jessica Stanley,51,2237 Makayla Creek,Sherryport,35576,113.541920,-88.7768475
Matthew Oliver,77,56608 Gibson Track,Santosside,12851,57.542087,-35.282575
Nicole Morgan,36,129 Teresa Lane Apt. 709,Robertview,36636,23.894126,-46.8981515
Angela Adams,22,75472 Denise Summit Apt. 747,Lambertborough,03780,63.261999,-49.462291
Amber Black,73,053 Michael Key,Cruzburgh,07939,-146.100520,-27.188222
Scott Garcia,72,461 Freeman Bypass,New Heather,07798,-104.354913,-46.828807
Michael Hall,39,04364 Susan Union Apt. 451,Sanchezstad,87053,76.947978,-63.2340495
Andrew Rojas,80,6919 Richard Square Apt. 727,Reeseport,36513,88.813667,-75.2798545
Shirley Williams,56,6404 Floyd Pass,Lake Travisfurt,39251,-13.390104,-68.3058035
Aaron Massey,50,278 Adrian Rest Apt. 138,Foxhaven,07725,-168.394025,-40.4589165
Ryan Brown,26,55867 Kristin Crossroad,New Gina,93002,20.000011,60.3908805
Randy Shea,30,0184 Fitzgerald Falls,Smithville,37609,-57.698017,73.9812385
Ashley Brown,74,5647 Bell Stravenue Apt. 463,Ramseyburgh,92290,-11.431152,75.4127685
Mary Mann,59,6496 Tonya Square,Angelastad,98495,-175.326021,-42.000985
Angela Gonzalez,21,6842 Cox Springs,Port Nicole,64403,108.698949,-47.4612265
Denise Shaffer,50,1815 Michael Green,Gonzaleschester,15195,-154.633242,82.3376545
Zachary Callahan,56,9526 Jones Ridge Apt. 366,New Robertomouth,65846,108.726053,60.721476
Douglas Curry,54,400 Crystal Isle,Watkinschester,43672,121.254560,-3.115203
Kimberly Shannon DVM,57,837 Timothy Path,Lake John,07395,115.772573,-0.829838
Claudia Hodges,50,27801 Padilla Divide,West Michael,32107,103.447276,64.278793
Megan Davis,52,7820 Henry Key,Mitchellfort,96787,26.931851,45.755527
Carol Soto,64,27040 Michael Path,Colleenland,27763,23.660030,31.715293
Marissa Rhodes,64,7077 Kennedy Highway,Adrienneborough,03196,-161.443376,-58.2242935
Marilyn Jones,22,554 Richard Freeway,New Sherryland,32268,-0.395571,-68.332336
Kevin Clark,46,75554 Pham Causeway,East Douglasfurt,27859,-104.387375,67.112998
Heather Wells,42,96606 Hutchinson Row Apt. 834,Lopezfurt,61622,-4.344098,-24.0426235
Stephen Thomas,54,750 Brooks Summit Suite 220,New Denisefort,14947,-169.484236,-12.773376
William White,75,148 Le Springs Suite 598,New Bradley,52839,46.559463,85.082319
Lisa Marsh,63,1871 Angela Terrace Apt. 737,West Louis,70359,34.182420,6.160412
Christopher Weeks,79,9695 Gilbert Alley Suite 028,Matthewberg,59451,-134.115903,-44.0343655
Annette Moore,75,7132 Miguel Stravenue,Williamschester,13621,-173.176839,57.900928
Kristopher Rice,62,382 Nguyen Inlet,Jonesville,48126,46.052729,89.7384035
Kristi Huang,72,40665 David Tunnel,Wrightland,54733,-81.456239,83.286807
James Watson,59,05477 Yu Fords Suite 919,Larsonchester,19139,-59.928943,46.925413
Deanna Booker,53,5281 Diana Turnpike,Natalieburgh,36857,-169.937727,46.2314105
Amber Juarez,45,7751 Sharon Knoll,Wendyport,11438,-142.519999,13.053068
Greg Martin,69,880 Jones Loaf Apt. 559,West Christian,40313,-48.735573,-68.653052
Robert Murphy,40,8260 Deanna Shore,Schneiderburgh,23310,-143.433806,87.9627615
Alexandria Deleon,18,39323 Kim Mount,Brockland,13435,80.291488,-71.2437105
Sandra Rivera,50,9638 Bryan Squares,Melaniefurt,49816,80.975781,-26.9310955
Helen Nelson,21,803 Jacob Square Apt. 288,North Emily,68330,8.986142,70.267872
Joshua Martinez,25,545 Terri Locks,Peterland,68384,-27.698842,-4.7351945
Mrs. Candice Owen,21,2965 Reese Burg Apt. 000,East Annaville,03284,88.427083,9.9112645
Bryan Curtis,44,562 Chris Stream,South Shawnland,33261,-63.808057,69.6392825
Stephanie Orozco,70,645 Michael Park Suite 791,Lake Stevenfort,95013,-106.665015,-23.175082
Christopher Moore,80,868 Jessica Fall,South Christine,51846,-113.533660,-57.7972275
Patricia Baldwin,21,35647 Lee Walk Suite 227,North Melissa,14109,-114.811221,33.2483665
Stanley Christian,60,3998 Bailey Prairie,Michaelfort,97954,-168.704605,16.4522505
Miss Jenna Whitaker,62,226 Joshua Knolls,Lauraport,21228,-53.906749,16.967736
Jason Dean,78,239 Lee Estate Suite 601,Port Emilytown,80705,-170.475916,-11.1558435
Shawn Fox,32,977 Amber Fort Suite 741,South Jennaton,30996,105.966800,37.6918415
James Martinez,23,84575 Patrick Groves Apt. 301,West Jenniferhaven,43807,69.354054,58.566611
Heather Kaufman,71,27353 Austin Hollow Apt. 923,West John,08784,-139.397156,-27.2725625
Justin Brown,30,221 Alexander Glens,Candaceburgh,75778,9.055819,34.6025265
Ashley Brooks,19,059 Christensen Green Suite 256,Brendahaven,71889,55.839390,65.697396
Jonathan Schroeder,79,71071 Smith Views,Kimberlyton,89682,-41.789336,4.695417
Adam Wilson,65,13881 Jones Court,Anthonychester,06700,166.221531,-73.073292
Jared Fuentes,76,44401 Ashley Lodge Apt. 987,Ayalaberg,05484,38.482261,-2.343363
Paul Cooper,68,84049 Michael Locks Apt. 100,West Molly,48124,67.103698,16.329288
Thomas Johnson,59,7570 Pham Spring,Fordmouth,80507,91.271794,-59.1666615
Mercedes Reed,72,295 Richardson Neck,South Crystalhaven,35267,103.021591,-78.823205
John Watson,44,6938 Gregory Mountains Apt. 378,East Colleentown,41502,69.453183,-29.9672215
Nicole Moore,23,240 Thomas Plain,East Melissaberg,00668,159.823303,53.9504395
John Rosales,24,5448 Hall Shore,Mariashire,76766,-53.697339,68.5487915
Diana Miller,58,0790 Mcconnell Terrace,Johnsonstad,69586,24.605861,74.595144
Marissa Jackson,38,327 Black Way Apt. 521,Lake Francesmouth,73692,89.112887,61.3497945
David Wheeler,75,1962 Jennifer Park Apt. 650,South Shannonstad,54876,-22.030708,26.5387505
Catherine Cook,58,248 Costa Orchard Apt. 440,Martinberg,09888,-166.975342,-89.058647
Brian Harrison,27,97891 Waller Garden,New Benjaminfort,06265,31.648274,55.9662295
Brett Duran,57,8175 Adam Road Apt. 783,South Brandon,31288,28.872388,-55.6900435
Mr. Thomas Sullivan,78,03219 Alejandro Crescent,South Henryfurt,32978,-156.644575,-41.520400
Natalie Rivas,50,328 Hayes Trafficway,Beltranside,95963,94.241645,-58.8493135
Ashley Smith,54,3698 Robert Ramp,Valeriefort,82349,159.915808,-45.7714165
William Ramirez,48,882 Jennifer Springs Suite 881,East Andrewfort,60675,103.143180,-88.0448025
Jason Allen,35,38837 Victor Keys Suite 814,Jenniferchester,06001,86.846433,-84.546384
Christopher Murphy,75,2993 Tamara Crossing,Johnsonberg,87660,155.315016,-79.730652
Robert Allen,66,755 Jennifer Glen,Sanfordstad,88399,100.457471,17.8103365
Kevin Johnson,64,84349 Lee River,Port Gregoryfurt,98335,28.987074,57.4789235
Lori Taylor,41,4975 Scott Inlet Suite 756,Lake Sabrina,56658,-55.132091,-14.2823725
Jason Hampton,35,00308 Gordon Mount,New Annettetown,00514,86.433348,-73.569675
Matthew Hahn,54,78944 Jason Summit Suite 294,Nicholefurt,73928,-60.945193,22.395452
Derrick Becker,59,13071 Jones Rest,Lake Earl,84157,-33.775716,-51.7271265
Hailey Campbell,28,993 Smith Island,North Anthonyfurt,06787,134.090463,-42.486494
James Marks,30,703 Jesse Land Suite 161,Buchanantown,64079,-93.152550,-50.083777
Michelle Mclaughlin,27,74085 Thomas Rapids,North Rebecca,01192,11.891300,83.855543
Brittany Daniels,65,93979 John Port,Desireestad,37193,-24.465719,-31.416967
Michelle Scott,39,1737 Melissa Ranch,Jonesport,19663,-131.195347,-72.7125365
Whitney Mccarthy,58,54320 Brandon Gateway Apt. 440,Port Joseph,55059,132.446580,73.4493085
Carol Harrison,18,384 Taylor Ports Suite 773,New Tylerberg,45587,-123.719813,-14.3899255
John Contreras,41,4499 Herbert Tunnel,West Aaron,85680,-84.426612,-35.4633385
Adam Mueller,45,49422 Delgado Cliff,Schmittside,15675,-167.095962,14.7223725
James Franklin,74,618 Jennifer Land,Garcialand,80365,11.120705,64.1619535
Ashley Nelson,45,058 Mark Mission,Darrenfort,38531,-101.954919,62.7002775
Dr. Jeff Liu Jr.,26,1995 Turner Prairie,North Christinefurt,21982,-91.707268,-19.4108565
David Richards DDS,53,44192 Samuel Plains,Brownfurt,85418,-160.670642,23.369363
Shelley Brown,44,342 Daniel Falls,Michaelport,78665,-177.074442,-11.0977015
Jennifer Cooper,24,7740 Rodriguez Drives,Christinaburgh,77933,-94.784732,-41.127943
Edward Lopez,47,654 Gabriela Knolls,Garciamouth,95755,-168.611996,-28.439895
Megan Barnes,24,44360 Philip Lane Suite 140,Lake John,34867,74.171291,-61.403325
Kevin Hudson,49,7535 Tiffany Mission,North Samuel,77663,31.810751,-39.854057
Christopher Perez,52,9748 Devin Pines,Jonesland,06737,88.774240,-58.712102
Leah Jackson,43,35994 Richard Junctions Apt. 085,New Melissamouth,86981,-175.386401,47.992425
Lisa Bates,19,0628 Roberson Ridges Apt. 214,Lukeport,44499,-168.142487,74.1486565
Nicole Chavez,18,388 Michael Walk,Roseport,78871,59.182693,1.601340
Aaron Davis,71,666 Daniel Fords,Marcusville,76261,-34.640693,-63.3258085
Bridget Harrison,24,2440 Allen Glen,Williamschester,49833,127.638754,-77.103526
William Taylor,35,248 Matthew Ridge Apt. 574,East Anthony,61784,82.491086,20.2287095
Jessica Sellers,34,119 Angela Trail Apt. 842,Lake Jeffreyhaven,28629,-164.766035,-47.1960015
Jesus Ramos,21,416 Kayla Neck,New Leslieport,87783,-172.375104,-73.6479575
Robert Morris,72,32064 Thompson Forks,Port Timothyhaven,10942,42.102189,-56.7492425
Dawn Wright,53,15698 Megan Trail,Josephburgh,88790,-171.459098,84.9851785
Lawrence Jones,36,7543 Moore Hill,Lake Michael,27785,-166.931529,75.3164985
Kyle Scott,51,3982 Coleman Harbors,East Amanda,27964,-83.382457,15.0869155
Douglas Perez,69,822 Perez Cape Apt. 285,Morrisonbury,81127,154.928771,11.9212735
Jessica Stout,35,566 Cortez Parkway Suite 049,North Teresaton,51998,135.118582,-49.8941165
Billy Robinson,52,0847 Collins Parkways,East Victoriatown,29922,-91.660556,-86.332573
Melissa Smith,31,6584 Stephen Alley Apt. 861,East Teresa,93801,-29.046453,-55.1206505
Anna Johnson,71,516 Denise Mall,South Eric,43416,41.916792,-12.7855445
Harry Harmon,42,63255 Barrera Brooks Apt. 359,Whitneyland,11206,-156.513154,88.814914
Dr. Katherine Smith DDS,63,051 Adams Ramp Suite 114,South Ginachester,70016,164.621817,87.268450
Linda Phillips,44,86614 Angela Crest Suite 636,Port Catherine,92635,-141.165777,-39.183519
Kristi Harris,18,621 Monica Keys,New Dawnhaven,81584,14.160007,-48.195969
Michael Massey,59,31237 Jenna Circles Apt. 435,New Aliceview,13220,-60.730903,-57.711855
Matthew Gates,52,5310 Herman Pine,Abbottmouth,85275,-145.099468,55.9090155
Jeffrey Robinson,26,568 Tucker Cliff,Welchmouth,29919,-30.719150,-84.994017
Donald Kerr,52,169 Johnson Alley Suite 513,Lopezborough,75418,-127.927934,81.097611
Matthew Hayes,74,3367 Anderson Center,Port Michealfurt,40307,145.213218,12.2835965
Bryan Costa,77,33755 Shane Branch,Welchberg,92589,12.835627,-54.1437085
Brandon Smith,72,864 Freeman Rapids,Robinstad,43345,9.769161,-62.2845335
Stephen Gallagher,64,8732 Gina Freeway Apt. 970,Longmouth,39293,-140.778808,-85.5721455
Kiara Coleman,42,5545 Nichols Causeway,Khanhaven,58295,-105.205180,21.5660125
James Simpson,54,325 Nicole Burgs,Port Vanessatown,26945,-166.901199,53.5736295
Jonathan Mitchell,77,1719 Gregory Shoal Apt. 227,South Julia,49694,123.206338,-86.071936
Elizabeth Thompson,78,2495 Hayes Keys,Deannafurt,20191,30.570920,-42.6129385
Kevin Copeland,45,1101 Berry Pike,East Ashleytown,27538,-105.077408,1.3887965
Cynthia Patrick,78,8680 Curtis Isle Suite 066,Lake Chase,10382,-34.967189,15.403613
Deborah Woods,55,332 Anderson Divide,New Cheryl,05321,44.284269,75.050671
Luis Huffman,29,3461 Jennifer Mountain,Huynhmouth,65067,-93.161411,12.0002375
Donna Bell,41,72624 Rebecca Path Apt. 129,South Michelle,33815,107.813476,68.986203
Susan Miller,53,75061 Herrera Way Apt. 250,West Anthony,89643,123.856400,88.976620
Mr. William Walker DVM,44,747 Bailey Mission,West Stephen,06314,150.404194,-66.701339
Sheila Nelson,79,8161 Carrie Haven,East Kennethfort,67359,-53.008586,-39.440525
Steven Fischer,30,35173 Brown Springs Suite 901,North Janetfort,15854,-151.132029,34.415088
Amanda Ballard,25,38608 Brett Underpass,South Ryan,48449,-27.421630,-41.960240
Ashley Carpenter,32,8770 Dylan Cliffs Apt. 980,Williamsberg,16929,147.080916,-12.519055
Jason Franklin,28,920 John Park Suite 528,Bryanfort,66121,142.085035,15.6670135
Melissa Fox,31,49029 Jose Hills,Lake Victoria,60176,148.514935,-78.2545875
Carolyn Wright,56,62045 West Meadow Apt. 237,Brianmouth,93972,76.045215,-83.7713665
Chad Coleman,78,0874 Nicholson Ford,Joshuaview,68782,-118.649415,-11.3851015
James Shields,64,38973 Delacruz Brooks,Lake Karenchester,13320,39.440641,-82.736074
Jason Campos,80,119 Wheeler Stream,North Gregory,32902,140.152509,88.0604755
Anna Shaffer,44,853 Roberto Centers,Anthonybury,99825,-52.907152,89.597666
Jose Nelson,19,794 Vazquez Dale Apt. 049,Lake Brandyfurt,23134,147.746708,-14.436895
Suzanne Lindsey,53,56151 Dean Forges,New Annamouth,50688,0.210047,-77.9406305
Cory Cruz,66,9247 Carter Harbors,West Christopherview,17514,-126.436452,71.9387955
Jocelyn Thompson,52,545 John Ways,East Rachelview,79903,45.335000,66.911215
Benjamin Graham,62,96211 Henderson Hollow,West Kellytown,88526,-136.390363,77.364686
Jared Russell,60,715 Mitchell Plain Apt. 460,Richardborough,75685,50.963590,42.8336555
Mike Wilson,36,24769 Steven Viaduct,East Reginaldtown,57419,-96.228950,-4.9402255
Angela Nguyen,41,9349 Moore Trail Apt. 908,West Carlachester,20096,-129.491481,35.140015
Angela Parrish,51,4643 Gregory River Apt. 005,Port Scottberg,73513,112.502108,-72.0283675
Rodney Chavez,62,317 Snow Motorway,Mitchellfort,06198,110.063906,43.9625515
Melissa Dominguez,52,574 Gilbert Circles Suite 707,Jasmineview,00820,110.893511,-61.8732405
Kristin Lopez,53,0403 David Forest Apt. 686,Port Kimberg,51610,43.965092,6.4341345
Sophia Cunningham,30,397 Lauren Knoll Apt. 859,Annafort,04434,101.341530,62.956902
Joshua Hall,69,62077 Tanya Forge Apt. 266,Whiteshire,30426,36.351003,-76.667481
Rodney Tran,36,09192 Timothy Station Apt. 740,Yoderton,91705,168.200148,-53.817086
Kaylee Lawson,44,6364 Tara Knolls Apt. 488,Port Ericborough,92582,-102.236087,-20.403607
Jennifer Allen,60,57059 Michael Manors,Riosborough,58802,-1.315339,57.3270995
Jamie Mendoza,62,54655 Sims Road Suite 109,Krystalton,45129,-5.806093,-37.5918975
Benjamin Hall,50,798 Jeremiah Summit Suite 446,Rodriguezbury,88021,-21.559193,-64.197056
Charles Maddox,32,8914 Gutierrez Mews,Migueltown,54035,158.458821,-85.310468
Seth Sanchez,31,62055 Caldwell Pines,South Melissaside,86526,-18.822944,-20.7471145
Lori Rogers,21,5353 Hall Ridges Suite 057,Porterside,40795,75.439523,-37.0563575
Cynthia Johnson,65,87120 Sandoval Springs,Ramosborough,05801,46.520334,78.468506
Sandra Best,22,85231 Williams Row,Bauerland,39422,-106.617698,36.961390
Jessica Peterson,54,389 Kerr Road Suite 155,Lake Kevinmouth,31792,-174.890706,88.9994855
Yolanda Collins,20,7156 Romero Spur Suite 375,Thomasshire,72583,165.650377,38.4855815
Kathleen Herrera,39,861 Amy Viaduct Suite 759,Bakerhaven,75387,-132.960844,-74.1736435
Melissa Vazquez DDS,77,972 Hart Isle Suite 297,Lake Jared,70413,-10.758905,-16.034735
Mario Conner,51,561 Paul Ports,Zavalaberg,49438,-31.726422,69.701390
Matthew Christensen,20,130 Wright Motorway,Jeffreyshire,47675,0.311827,85.1311615
Christine Rodriguez,19,28249 Alexander Forges,West Jenniferview,68288,1.565425,29.941321
Mitchell Miller,37,8802 Brandon Prairie Apt. 243,Jonathanview,96307,18.018516,-81.4988545
Monica Jackson,18,4816 Romero Shores Suite 374,Joycehaven,72399,-139.092228,-14.067734
Gregory Haynes,36,307 Kenneth Square,Samuelborough,13060,-169.823314,-56.299526
Melissa Jones,44,72417 Jennifer Centers,Lake Steven,52798,-175.430041,-28.928965
Kristin Stone,75,0094 Oliver Station Apt. 000,North Michelle,94097,-155.199406,54.867731
Nicole Farrell,75,91989 Mariah Corner,Port Jeanette,03040,72.073553,-80.8654375
Jennifer Boyer,76,322 Justin Cliff,Bryantown,94764,63.995533,45.709258
Jacob Fernandez,44,8458 Raymond Cape Suite 570,West Rachelshire,35184,70.452651,46.410105
Morgan Hurst,31,943 Wilson Springs Suite 117,Wilsonmouth,34897,92.872578,15.2130815
Ronald Baldwin,42,8594 Chen Mountains,Lake Jonathanton,62260,-145.715701,3.4144995
Melissa Ortiz,31,944 Hickman Cliffs Apt. 779,Lake Miguel,18979,79.184240,-9.775815
Benjamin Bowen DVM,68,8691 Frank Garden Apt. 020,Griffinside,95150,-112.808444,-9.441260
Amanda Moreno,53,866 Robin Ridges,Lake Robertbury,22813,-167.546781,19.536880
Charlene Miller,68,3559 Nelson Cove,North Ashley,13081,-129.334623,-62.412487
Joann Martinez,53,897 Sandra Park,Lawrencechester,13170,-164.134761,-39.7255325
Julie Mclaughlin,69,245 Sara Court Suite 849,South Timothy,57448,138.855887,85.850601
Angela Barton,24,4961 Reyes Court Apt. 899,Thomasborough,14283,138.145465,79.1218665
Theresa Moss,49,39408 Patrick Drive Apt. 698,Garciaside,40947,52.867122,-85.117453
Emily Hill,58,745 Pena Burgs,Port Ronnie,35153,98.743485,46.5834355
David Fischer,72,191 Joshua Ferry,Lake Blakeport,74007,69.165954,72.7958785
Todd Vazquez,73,44515 Gerald Plaza,South Jonathonmouth,78281,-102.203002,-12.235777
Sarah Maynard,35,355 Miller Highway Suite 265,Rebeccaberg,85394,81.294919,49.525892
Brendan Frost,31,95905 Haney Gateway,New Margaret,51515,-123.592750,53.923185
Luke Hudson,63,8066 Scott Ville Suite 728,Port Aaronport,38233,1.744900,77.3428365
Mr. Harold Turner,51,50644 Jose Passage,East Jeffrey,11502,-11.510212,-16.2498845
Michael Walker,45,784 Jenna Hollow Suite 956,New Benjaminmouth,97146,75.913019,-85.065935
Trevor Baker,42,877 Perkins Fall Suite 425,New Heather,27024,-51.185932,48.7469635
Steven Castillo,65,69992 Jackson Greens Suite 859,South Terrance,31325,-35.378060,-15.885167
Erica Watson,28,12528 Daniel Park Apt. 315,Jacobport,58141,-8.328341,-58.3976695
Christian Thompson,38,8531 Shane Prairie,Hartmanville,65420,-15.491313,-59.4176395
Heather Liu,72,9129 Blair Stravenue Apt. 498,Randyfort,07888,9.822323,84.5448335
Yvonne Andrews,33,152 Williams Mount,Lake Lisaport,50349,-86.641663,-57.076322
Mr. Eric Blackwell,27,766 Williams Path,Davisview,85863,161.723436,55.3876935
Kevin Scott,78,74612 Kelly Keys Suite 711,Travisstad,96237,-36.060948,-38.142722
Sandra Smith,39,936 Michael Greens Suite 780,East Robert,13005,-7.741229,55.3237695
Ryan Martin,44,65021 Brenda Isle,Valentinefort,02876,-19.572847,13.0476955
Vanessa Knox,54,72694 Lee Spurs,Danielmouth,13499,-0.852460,-12.231996
Robert Torres,49,67526 Lin Loop Suite 612,West Joemouth,38978,19.436495,28.641424
Johnny Harper,79,57589 Warner Prairie Apt. 040,Shannonhaven,90395,23.219633,-5.4577235
Krista Taylor,28,77554 Douglas Mill Apt. 779,Spencechester,76159,2.778219,-38.827105
Amber Neal,23,2499 Julie Trafficway,West Arthur,29701,-128.336725,26.556767
Cindy Cordova,37,19050 Armstrong Ridge Apt. 672,North Yvetteville,45730,-16.889393,-70.455907
Katherine Stone,64,293 Decker Keys,Christiantown,25112,-126.258369,51.548690
John Hernandez,61,139 Ramos Falls,Tonyaland,93844,-177.852405,55.036372
Austin Young,44,0409 Griffith Gardens,East Brendan,43085,-34.703831,-57.6758925
Samantha Paul,26,0789 Bryan Plains,Danielland,51659,43.472480,-31.621968
Mrs. Alisha Gomez,71,2670 Oneill Fields Apt. 109,New Stevenburgh,61651,-45.416793,-53.9916085
Ashley Garcia,55,088 Christopher Crossing Apt. 546,Sampsontown,90199,62.225700,46.142107
James Wise,49,37785 Ellison Pine,East Zachary,03178,32.255722,25.1717065
Steve Valencia,67,8027 Roberts Gardens,New Donnashire,38151,-144.849592,6.220736
Matthew Gilbert,52,62112 Trevor Dam Apt. 257,Maryfurt,90497,132.510032,60.631675
Melinda Coleman,40,739 Jessica Dale Suite 333,West Dianehaven,38232,27.889755,-59.078740
Ashley Davis,72,42178 Denise Heights Apt. 187,New Ashley,08665,133.198991,-20.248600
Christopher Fletcher,64,2909 Steven Hill Suite 372,North Jason,65573,149.232111,-83.9381785
Latoya Walsh,49,663 Mahoney Villages Suite 382,Marcusview,70983,-129.839987,7.859104
Thomas Lopez,70,7229 Shaffer Springs Suite 749,Brendaview,92486,-11.033274,29.7007255
Elizabeth Mendoza,80,51273 Wilson Glens,Tamiville,61942,-76.758292,36.647548
Melanie Wilson,27,715 Brandon Curve,Parkschester,95592,-110.495367,40.3715625
Jesse Williams,24,78368 Joanne Islands Apt. 326,Port Laurenfurt,15208,136.407300,-64.669489
Lonnie Nelson,58,1422 Megan Keys Suite 711,Rhodestown,96421,56.109596,-23.5095235
Sean Allen,67,6065 Taylor Divide Suite 542,Jonathanberg,59898,-70.450862,-25.4364175
James Woods,30,456 Morrow Road Suite 699,Smithfort,63622,-108.290205,37.847390
Steven Smith,64,596 Rogers Parkways Apt. 102,Grahamfurt,59975,11.320863,-11.671488
Peter Meyer,58,37044 Breanna Roads Suite 237,South Joshua,40017,51.924493,86.960170
David Jacobs,44,944 Butler Springs Apt. 676,Johnhaven,37858,113.975035,55.1091055
Derek Herrera,48,87166 Jonathan Parks,Williamsport,79296,-152.729065,-31.406195
Nicholas Williams,69,53422 Byrd Trail Suite 876,New Daniellebury,15471,-172.819130,44.7884555
Richard Jones,18,137 Sampson Extension Suite 855,Beasleymouth,33710,144.157205,71.063230
Amanda Smith,26,2597 Logan Centers,South Joann,46104,30.951738,56.205098
Brandi Porter,58,3727 Olson Street Apt. 783,New Johnchester,15636,100.499716,-62.746151
Timothy Lynch,28,0142 Willis Trail,North Rachel,12637,-2.117296,-48.478295
Rachel Hunt,42,3177 Stephanie Common Suite 896,Coleberg,40868,57.744679,53.253565
Michael Vargas,46,0823 Susan Islands,Nataliestad,72944,17.067415,-37.720871
Barbara Clark,47,2512 Daniel Path,Jacksonville,40980,-63.121517,-80.930879
Alyssa Smith,32,162 Melissa Drive,New Lisaland,96851,-122.919434,-63.407005
Stephanie Williams,71,07608 Ryan Locks,Morganfurt,38000,139.408852,-79.3703165
Christine Rice,63,3555 Carlos Cove,Howardmouth,19770,11.117258,-12.599112
Dustin Clark,57,5615 Tate Forest Apt. 369,Phelpschester,24080,83.296073,24.3194305
Javier Morgan,39,81147 Abigail Courts,Donnaside,86272,-1.330248,-13.651817
Benjamin Rivera,21,241 Kelly Port Apt. 920,Travishaven,26915,12.544442,44.6509005
Christina Reed,80,83747 Shannon Street,West Carrie,64488,-45.947381,0.3625675
Daniel Carrillo,76,75492 Bradley Ports Suite 899,Andrewburgh,26430,124.302146,-77.6600495
Anne Carlson,55,5682 Williams View,Piercechester,71132,140.657808,13.637291
Elizabeth Henderson,50,4543 Tracy Glens Apt. 508,New Jeremy,10208,152.675293,-31.3104875
Robert Bullock,63,5188 Morgan Flats Apt. 870,Davidside,53024,-64.136092,39.2845895
Bradley Powers,52,43566 Gould Prairie,North Stacey,16066,173.360468,76.0361135
Michele Wilson,54,22143 Bridges Dam,Christensenmouth,88896,-67.417902,10.027823
Mr. Kurt Cameron,59,423 Alyssa Ville Apt. 744,West Teresa,03527,-25.346310,30.9209505
James Jacobson II,34,645 Michelle Ridges Suite 459,Kristimouth,11507,-10.780638,3.6026525
Cathy Romero,74,955 Mckenzie Bypass Apt. 310,North Cody,94915,-47.603211,20.8505115
Virginia Hendrix,72,005 Michael Dale Suite 823,East Garyville,46960,-9.887475,-81.9585475
Brian Moore,20,42258 Michael Keys,East Steven,52381,-114.310266,-82.6209525
Barbara Brooks,22,151 Dawn Motorway,Shaunchester,55495,-77.675404,64.376039
Sandra Walters,45,43850 Lacey Locks Suite 288,Herrerabury,97620,164.915203,21.8173825
Lindsey Marshall,45,012 Mary Heights Suite 435,Reginaldborough,97539,-33.852758,-59.3599155
John Kim,69,942 Laura Groves,New Deborahstad,62063,-128.571458,-75.5127275
Charles Medina,45,08349 Hannah Fort,Leeburgh,93083,-49.240687,1.654784
Jonathan Kramer,49,5884 Craig Divide,Gilesmouth,32655,43.316421,17.798055
Jesse Navarro,48,54475 Kellie Mountains,Ianmouth,60341,96.752331,45.857006
Stuart Gillespie,30,955 Scott Squares Suite 826,Toddfort,50821,-52.671056,69.727020
April Nelson,20,67690 Brittney Isle Suite 457,New David,57779,-133.456405,13.127922
Nicole Gould,38,94221 Maurice Viaduct,Chelseaview,98106,-13.853259,-70.123881
Brian Miller,44,3470 Adkins Spur Suite 988,Hallbury,26821,-35.520265,-7.837220
Justin Bradford,52,624 Tanner Shores Suite 123,Martinezton,36700,156.957045,56.970141
Chad Carr,31,581 Sandoval Estate,Owensmouth,64214,-135.337832,-26.502388
Emily Singh,38,2130 Amanda Road Apt. 585,Lake Lisa,83937,-21.849747,-56.079891
Laura Reyes,24,718 Austin Highway Suite 891,Hayesstad,29603,106.297775,79.773729
Bethany Reed,25,716 Byrd Bypass Suite 048,New Richardstad,25244,174.984158,-63.847766
Brett Howell,36,3404 Stephanie Fork Apt. 038,Natalieshire,40332,42.544976,25.061242
Kyle Murphy,34,0109 Johnson Hollow Suite 344,Troyland,70441,167.623324,47.1967875
George Simpson,57,476 Lauren Stream,Lake Jacobhaven,27948,100.325596,-53.7154345
Jesse Barber,22,79908 Lucas Place Apt. 440,New Greggfurt,09846,178.705794,-75.1631725
Christopher Smith III,57,46832 Bryant Row Suite 414,West William,46404,-86.991353,55.842526
Elizabeth Robinson,66,2781 Jennifer Harbors,Shafferberg,38263,10.463291,-9.197888
Lawrence Ramirez,77,03773 Molina Court Apt. 821,East Rebecca,04169,-109.498892,-19.2551835
Sylvia Sims,44,8522 Wilson Divide Suite 768,Potterborough,61371,-49.008155,2.295174
Erica Schmidt,49,920 Fitzgerald Parkways,Medinaside,86680,124.348024,86.5454915
Eric Grant,50,93935 David Island Apt. 927,Port Walter,73959,74.466318,-78.9103665
Carlos Brown,32,221 Guzman Common Apt. 700,Lake Miguel,37559,127.648776,-9.4985475
Rose Santos,69,7371 Kelsey Underpass,Brianfurt,42625,-4.077134,13.1292885
Samantha Rodriguez,49,443 Elizabeth Plains Suite 993,Marybury,90329,-107.781067,83.9355345
Zachary Gonzalez,68,5096 Donald Gateway Apt. 711,Port Richardmouth,25153,-174.372019,33.274890
Robert Alexander,30,7929 Joanna View,Port Rebeccabury,12092,-15.220620,56.395461
Xavier Davis,60,9813 Mckenzie Ranch,South Courtney,36179,143.921950,-35.985103
Destiny Peterson,73,8824 Brown Estates Suite 712,Fordshire,66234,129.207880,-16.854036
Anthony Henry,44,1309 Mary Walks Suite 565,Dawnhaven,72566,-19.111846,-71.266901
Renee Moore,59,77316 Matthews Street Suite 625,Lake William,96049,-60.002550,-69.428182
Megan Russell,74,2059 Greene Lake,South Edward,07634,-13.325666,66.6426225
Carolyn Mills,39,36540 Elizabeth Streets,Lake James,20899,2.447584,87.5935695
Garrett Holt,56,8979 Ashley Avenue,East Jaredville,51211,-163.464077,47.8530245
Anthony Montgomery,63,36654 Mary Cove Apt. 199,Meyerside,69395,-84.164857,79.8148075
Christopher Nelson,79,57620 Stephen Summit,Pamport,69888,-115.503796,86.404514
Monica Fletcher,58,746 Kristi Expressway,North Andrewmouth,51316,-13.581018,-28.9368845
Carl Haley,78,70001 Nelson Place,Woodbury,71824,1.051611,-49.4395645
Rachael Armstrong,60,5657 Cindy Forest,Benjaminfort,75091,76.181582,-63.1847195
Destiny Pope,60,5872 Young Meadow,Port Sherryport,15773,54.807739,-49.564733
Roger Wilson,24,11620 Patrick Springs,Wrightberg,26968,-153.269409,-70.2504655
Robert Johnson,46,8714 Michelle Stream,Dudleyfurt,51118,-152.564685,40.763623
Jessica Adams,70,18634 Hull Roads,Erichaven,24504,-5.048360,36.041873
Joy Morris,18,8559 Bowen Parks Suite 831,Lake Joe,91958,-144.891772,-24.0942065
Christopher Chen,47,27220 Deanna Knolls,Jasonbury,60627,50.174959,12.047676
David Eaton,21,28055 Fritz Springs,Russotown,42033,79.923677,19.7324445
Mr. Zachary Norman PhD,59,2021 Baird Stream Suite 426,Reedtown,59470,30.331397,41.150735
Rhonda Morris,41,546 Pham Fork Suite 027,New Robertchester,04022,23.322087,87.3058525
Nicholas Howard,62,14228 Lisa Pines Apt. 807,Justinside,89164,101.499267,65.7603765
Kyle Goodman,54,241 Jonathan Crest,Port Brittany,80516,60.857325,25.2726865
Carolyn Summers,38,1431 Nichols Plain Suite 445,East Erin,75493,115.233823,85.9301535
Eric Adams,23,935 Harrington Harbor,New Chasemouth,08425,17.986245,-8.267131
Lisa Barnett,29,6851 Kirk Prairie Apt. 838,South Leahchester,38462,-136.241093,-87.6077785
Kimberly Rodriguez,42,8292 Washington Stream Apt. 373,North Calvinfurt,35072,98.241829,67.030614
Justin Bell,28,9645 Ingram Forge Apt. 807,Port Kathyborough,52243,-52.321711,-36.064857
Julia Jackson,53,077 Jones Lodge,South Amanda,07378,-155.386755,-40.116552
Rachel Gallagher,50,0627 Munoz Vista Suite 147,Brandontown,81888,-104.910721,-29.0752405
Terry Davis,28,097 Dana Roads,North Nicole,09131,-177.721139,-74.227510
Marco Baker,74,073 Schroeder Forest Apt. 733,Leeport,98698,-44.790482,-67.4090725
Richard Jimenez,79,50851 Seth Mall Apt. 753,Jefferyville,82519,-107.512423,69.886422
Jesse Vasquez,37,300 Hernandez Fall,North Kathy,67615,-14.109971,74.313357
Christopher Jackson,74,483 Valdez Corner,Rochabury,24002,-101.467711,-52.2115405
Amber Shannon,43,4394 Heather Mountain,West Yolanda,65269,-18.347196,-34.833729
Emily Sanchez,48,77804 Anderson Mountain Apt. 442,Sarahbury,03489,-115.923142,-85.9867665
Amy Marshall,69,061 Martinez Inlet,Fredfort,39698,115.595935,-52.711149
Jeremy Williams,59,94570 Renee View,Michaelfurt,57204,108.681859,12.835694
Sarah Adams,80,7762 Torres Trace,West Sarahmouth,31028,46.479172,-76.097824
Wendy Miles,57,813 Saunders Expressway,West Brooke,13294,153.905744,13.780302
Ashley Perez MD,52,47892 David Stravenue,North Mark,19655,-77.054136,27.826007
Steven Brewer,75,1682 Harris Villages,Dylanburgh,59187,-145.842779,-29.5430905
Kenneth Lloyd,28,1700 Rogers Track,Lake Aaronbury,62213,-136.471083,86.266073
Amanda Lawson,59,000 Kara Mill,Melissachester,85530,-12.318132,-39.615357
Ronald Rogers,63,91826 Catherine Throughway,East Davidfurt,94186,-48.848621,-67.9673105
Vincent Kennedy,35,2561 Amanda Manors Apt. 059,Port Angelabury,55982,68.504529,10.581583
Paul Burke,47,589 Lozano Road,Port Hannahmouth,71750,176.169905,53.1536375
Shawn Welch DDS,58,9399 Thompson Trail Suite 665,Wilsonview,03371,-37.315168,-61.4528675
Ms. Anna Smith MD,80,4658 Daniel Gateway Apt. 326,Lake Edwardport,85597,107.829091,-51.1183915
Ricky Stephens,69,709 Campbell Crescent,North Brandiberg,17017,-116.190599,-29.4520175
Margaret Murray,30,74673 Allen Mission Apt. 705,Tannershire,36625,-28.051539,-74.860731
Brittany Hernandez,40,604 Catherine Lane,Morgantown,48553,-43.679185,23.7364825
Leslie Wong,47,145 Katherine Roads,Katrinabury,97905,132.422957,1.680878
Michael Wilkins,58,4296 Jenna Cape,Jackhaven,53498,-94.850699,87.385016
Seth Jordan,76,768 Emily Lock,Port Eric,27963,-114.076809,-34.4186585
Joseph Booker,32,4812 Peck Points,North Tiffany,24409,-123.084864,77.2673925
Christopher Rojas,43,3130 Bates Mills Apt. 743,Robertton,02327,-53.473001,39.550494
Kathryn Winters,39,8468 Davis Flat,East Charlesmouth,98188,-52.649865,-65.927122
David Jones,32,65638 Garcia Island Apt. 572,Marilynfort,53349,-118.042239,-87.873452
Emily Gomez,53,3298 Silva Glen Suite 071,Holmesville,19425,-149.949770,-22.7139745
Mary Carroll,56,115 Smith Valleys,Port Jeffrey,87734,-143.317192,56.525707
Morgan Anderson,63,6715 Rogers Divide,Lewisfurt,86208,-110.783653,66.6754265
James Bush,57,1319 Jones Hollow,Graytown,57885,36.188254,-89.3034455
Danielle Bowers,62,605 Garner Road Apt. 147,Schneidershire,63306,126.144491,-77.417782
Steven Ferguson,25,60750 Nelson Spurs,Lake Michaelside,70012,30.129003,-80.5116615
Bryan Harris,67,20789 Callahan Oval,Colemanstad,39556,-143.032178,70.5037245
Rebecca Gray,79,241 Debbie Ford,Johnport,04262,48.984690,-74.633819
Jordan Larson,28,09909 Walter Mountain,Avilaburgh,31354,45.789904,-3.810948
Katrina Brown,49,7704 Jackson Brook,Lake Vincent,41381,-7.508736,-23.2069335
Heather Ramsey,56,959 Deborah Mission Apt. 033,Melissaburgh,38104,92.750997,62.685477
Tracy Atkins,49,5704 Charles Field,Lake Bethanyberg,82693,-33.245928,-46.082165
Toni Parsons,41,70807 Lopez Islands Suite 073,Garrettmouth,55168,-123.388337,47.230312
Jeffrey Alvarez,68,683 Arroyo Haven Suite 559,Watersbury,20046,176.577213,63.5964235
Michael Bell,73,883 Smith Harbors,Jamesside,02560,-127.717803,-80.2651135
Taylor Esparza,69,39017 Hernandez Lakes Suite 541,South Brendachester,19535,70.015778,-4.845269
Ray Hill,49,00346 Wilson Unions Apt. 097,Jonathanfort,66204,113.229160,12.0806785
Danielle Weiss,59,75544 Flynn Pine Apt. 282,Davisshire,11473,86.334765,-23.9933635
Mr. Jeffery Vasquez PhD,65,93986 Simpson Lights,Suttonfort,07187,7.657649,-85.2131105
Anthony Li,23,2643 Finley Island,North Anne,75625,14.889978,-25.154562
Chad Sanford,63,117 Brandy Spurs Suite 764,West Shane,61695,-65.201560,-57.3900195
Robert Watson,61,3760 Ray Falls Apt. 114,Lake Devin,72969,-30.223742,38.112393
Natalie Carey,43,2758 Michelle Roads Suite 314,Garciabury,05540,-36.518810,-21.1333165
Jacqueline Lloyd,22,44948 Deborah Trail Suite 727,North Michael,42102,-94.641679,-35.3847105
Heather Grant,56,5171 Robinson Roads Suite 137,North Joshua,22236,-102.593017,30.6554075
Brian Brown,41,1006 Lindsay Avenue Suite 306,Carlosport,11376,-90.605124,-9.9307005
Christopher Stewart MD,46,79261 Anthony Forge,Katherineberg,93554,-179.608131,14.0431015
Roy Curtis,38,3508 Rebecca Causeway,Lindaland,98893,-77.517750,-40.648821
Anna Gutierrez,43,608 Erin Roads,New Susanmouth,38244,-108.789643,40.603216
Jordan Smith,50,7234 Long Loaf,West Amanda,03295,-22.566882,39.0773125
Elizabeth Williams,70,49092 Ian Brooks,Port Adamstad,63930,-155.158963,-40.5205115
Crystal Meyers,25,50454 Thornton Stream,East Christine,40517,9.084177,-55.3697245
Allison Johnson,70,96235 Russell Route Apt. 626,Katelynville,73856,104.273919,-18.069830
Jose Frederick,31,948 Ramirez Falls,Kellyland,70032,-87.774910,-7.135493
Jerry Williams,39,7210 Jackson Track,Alexanderland,93560,-175.753933,53.3768785
Stephanie Johnson,24,12320 Brandy Parks,Wilsonmouth,20765,7.695110,-68.311688
Leslie Edwards,80,928 Victoria Street Apt. 691,North Valeriefurt,93277,96.242106,-37.628706
Larry Greene,34,239 Hutchinson Greens Suite 084,Valerieberg,00775,50.532548,-60.0268035
Diana Bradford,28,491 Tommy Path,Port Ralphbury,69714,-109.726683,20.1913945
Thomas Morris,64,04390 Jones Valley,Lake Lisaview,34550,-46.382416,57.034290
Tara Lopez,31,2401 Timothy Ranch Suite 630,East Robertstad,08405,-107.414999,-86.7856975
Corey Taylor,29,99562 Lewis Junction,East Jenniferfort,20322,164.297651,-43.1004045
Timothy Walter,39,47911 Justin Oval,Lake Sean,89153,-80.189639,69.529041
Julie Carey,35,48933 Rebecca Lake Suite 760,Colonfurt,84963,-61.999358,-22.6496795
Joel Bowman,79,153 Mahoney Crest Apt. 054,Lake Mallory,10577,-31.241313,-8.6586825
Christopher Stevenson,73,16823 Robinson Spurs,Albertborough,65049,114.239165,31.0672975
Anthony Chapman,19,53001 Wang Shore Apt. 744,Natalieshire,78209,-10.539614,-58.7541615
Stacy Navarro,54,8801 Lewis Plaza Suite 243,Thompsonshire,43026,20.844724,28.147875
Susan Andrews,26,74332 Mccormick Port Suite 076,Washingtonchester,71324,-175.701838,24.841632
Ruben Wells,59,35990 Davis Parkway Apt. 118,Mandyhaven,68713,-41.042666,23.070764
Tracy Stephens,68,5848 Duffy Avenue,Nelsonburgh,01710,-76.135168,-62.8154745
David Willis,35,16194 Melissa Harbor,Port Kyleside,62200,142.115901,29.962666
James Thornton,19,2510 Morgan Mills,Lindseyview,17242,-7.475711,-21.524918
Louis Morrison,70,79486 Baker Port Apt. 380,Webbstad,67415,-159.217659,-27.561396
Thomas Brown,58,9500 Grant Loop Apt. 027,South Jessicaview,48100,173.963455,-30.4881145
Michael Guzman,38,7258 Reese Mews Apt. 937,Sextonview,73240,-143.848728,-41.495460
Michael Sanchez,33,7596 Banks Prairie,Paulabury,88526,-86.904114,88.187205
Margaret Freeman,52,24210 Thompson Brook,Josephland,98150,149.995018,42.0384375
Preston Jackson,58,36663 Davis Park,South Lynnfurt,13799,44.840442,-81.2433565
Christopher Moore,63,7011 Denise Village,Kimberlyhaven,69703,-36.373102,55.7364895
Brian Taylor,77,367 Ronald Center,Duffyport,55984,26.048371,4.293185
Travis Goodwin,41,38289 Holland Rapid,Port Laurenfurt,06184,-62.336013,-74.6080825
Christopher Duffy,79,136 Ashley Union,Mariaside,10718,-70.661998,-88.211032
Timothy Johnson,33,78848 Herrera Crossing Apt. 947,New Donaldborough,26708,-90.875585,-65.454521
Karen Johnson,69,99982 Drake Cliffs Apt. 998,New Dannyberg,12385,23.874883,-73.457104
Peter Braun,69,8289 Martinez Greens,Roberthaven,41918,-73.512432,2.877790
John Molina,65,5608 Stokes Via Apt. 365,Robertville,12489,25.363690,-45.297555
Shannon Harper,47,89637 Ashley Streets,West Alexandra,47986,-17.701494,-68.6647785
Deborah Love,37,9004 Smith Squares Apt. 161,Bradfort,38165,-21.100203,-50.8596655
Matthew Fisher,67,654 Rodriguez Avenue,North Debra,90470,-36.102197,82.7922075
Marcus Pearson PhD,55,609 Melissa Stream,Williamtown,91898,9.676988,58.1370935
Darren Porter,74,845 Shawn Camp,Port Joelstad,77620,29.205446,29.540723
Anita Smith,44,91520 Parker Spur,Hernandezville,06947,56.418616,-73.802892
Melissa Johnson,29,8317 Andrews Turnpike,Fisherberg,68744,-178.036836,-3.643821
Heidi Turner,78,481 Susan Lodge Suite 548,Suarezland,43699,-107.832199,83.202729
Julie Miller,27,23941 Rodriguez Junctions,West Jenniferside,20585,88.154539,-41.738930
Emily Blackwell,80,4513 Erin Mews Suite 059,Edwardburgh,04432,-155.201469,17.7455465
Robert Ford,19,2675 Grant Union,West Darlene,71066,-50.724559,42.5463235
Derek Castro,36,080 Jordan Hill,West Craigville,59342,154.290140,61.344432
Shirley Booker,73,892 Cisneros Way Apt. 606,Port Debra,82153,-14.198109,68.409282
Jamie Wong,61,724 Jones Tunnel Apt. 647,Benjaminfort,88982,121.940150,30.526028
Natasha Horton,22,403 Saunders Pike,Vaughanside,37366,69.323701,66.2628105
Michelle Morales,50,248 Tate Square,New Tanya,85987,-163.227049,21.706175
Rachel Soto,51,2697 Gavin Turnpike Suite 076,Susanchester,30156,148.500960,3.2140175
Natalie Pearson,66,003 Jacob Tunnel,West Brad,98131,-144.812247,-82.5393865
Natalie Wilson,59,735 Mccann Crescent,West Claytonview,72783,-168.155651,15.599478
Cassandra Vincent,32,037 Michelle Manor,Andersonchester,52094,-151.474213,-70.820973
Dominique Aguirre,30,7274 Patrick Court,Lake Michelle,71911,176.342906,-64.2077395
Jorge Monroe,25,11878 Joseph Skyway Suite 123,Lake Brandi,74572,-45.293117,-36.590335
Nicholas Santana,62,72112 Andrews Unions,Lake Bryan,58226,25.213413,2.4959495
Donna Walls,36,06013 Robinson Drives Suite 814,Port Michaelmouth,10380,27.729952,49.4977515
Daniel Lane,58,906 Emma Trail,North Christopher,31326,69.970549,-35.4946735
Heather Campos,19,8582 Hall Prairie Suite 164,North Lauren,81717,-174.365562,-65.3910815
Mathew Freeman,63,066 Scott Dam Suite 606,Deniseburgh,04459,-36.225568,-10.056634
Thomas Munoz,67,15003 Nathan Mall,Lake Charles,91526,68.136401,64.432774
Philip Hoover,39,81488 Smith Wells Apt. 758,Port Brian,36655,46.679325,9.9904615
Joseph Martin,40,66584 Kenneth Meadow Apt. 560,East Johnside,68672,-80.017788,-30.0873255
Molly Frost,57,9993 Scott Row Suite 021,South Meghan,80512,174.508131,-63.532935
Carol Skinner,53,637 Ford Summit Apt. 645,Moralesland,08869,23.882859,10.508654
Troy Best,18,8607 Johnson Well,Smithtown,28306,168.620049,-55.237354
Sandra Salinas,41,9204 Wilson Gateway Apt. 508,Nicoleborough,17247,64.763883,40.613989
Tiffany Green,75,159 Scott Alley Apt. 446,Kyleville,68085,23.451588,-14.6998415
Janet Howard,33,2978 Rice Stream,Woodsmouth,92222,168.540384,-39.799171
Brandi Perry,39,53163 Lewis Garden,South Brandyborough,77159,60.020520,75.6123685
Earl Lester,67,4239 Stevens Garden Suite 665,Cookmouth,95196,128.922297,27.516131
Tiffany Carpenter,43,4591 Courtney Center,Lisaborough,50935,145.097464,-8.528190
Hannah Bowen,35,90685 James Way,North Michael,50964,-119.964676,-51.3171435
Briana Nichols,25,84985 Nina Valleys Apt. 916,New Michael,99067,108.843238,-12.4545875
Christine Murillo,25,9047 Laura Canyon Apt. 080,Barrettchester,80059,158.321231,-70.5504795
Mitchell Williams,43,6293 Robert Mill Apt. 863,Spencerstad,49136,144.124031,72.9069105
Denise Mcgee,39,26757 Kenneth Lakes,Nataliechester,29047,-73.448552,-88.7545805
Christina Burton,44,62794 Cannon Ford Suite 415,North Brianhaven,69021,4.137007,39.1003835
Kevin Brown,68,227 Barbara Parkway Apt. 757,Zacharybury,64461,42.944815,-27.9844705
Shannon Anthony,40,5153 Timothy Islands Apt. 482,Chadmouth,37877,30.826455,65.823614
Kristen Thomas,44,402 Kristen Squares,South David,37759,-98.563187,-51.9641495
Joseph Hoffman,24,99366 Rivera Skyway,South Patriciafurt,31501,-71.702593,-79.2659775
Kenneth Munoz,62,467 George Harbors,North Anthonymouth,08691,-172.299021,-19.860821
David Pearson,38,0050 Patricia Lights Suite 534,Hansenmouth,34932,84.059879,-35.6630725
Grace Howe,78,352 Johnson Street,Port Michaelafurt,64079,176.964063,10.874429
Heather Pierce,22,9098 Wright Parkway Apt. 339,New Hectorview,16616,38.149025,79.722811
Tina Brady,47,97392 Jennifer Lodge,New Tammyview,07558,143.278293,-13.495035
Michael Brown,39,13175 Katherine Summit,Duartebury,50186,78.396619,-58.2787375
Ricardo Gutierrez,58,99575 Tracy Extensions,North Masonville,94199,35.528001,85.089258
Julie Barnes,54,970 Smith Crescent,East Chelseaside,07319,145.533862,2.4550895
Jennifer Olsen,32,44587 Black Mount Apt. 135,North Jenniferfurt,08813,18.029419,15.208329
Gina Andrade,41,370 Clark Overpass,Rebeccabury,53404,-19.476595,-4.7788345
Karen Roberts,63,76222 Kaitlin Villages,Lake Tracy,05839,-71.470982,17.4163195
Kimberly Carpenter,37,92459 Smith Cove,North Geoffrey,82973,-77.921780,-30.0466695
Mary Wright,33,048 Shelley Island,Lindseyberg,40727,-103.635286,58.477803
Jacob Martin,74,587 Rodriguez Throughway,North Gina,42829,-5.884873,30.334655
Gabrielle Gonzales,63,84907 Clark Viaduct Suite 158,Stephaniebury,50197,62.668981,-6.6180645
Jessica Jones,65,752 Timothy Center,Kelleybury,74357,-151.661752,72.7237615
David Gibson,65,03355 Lisa Flat Suite 211,Jamesshire,83031,136.676964,-40.673166
Matthew Clark,55,36409 Donaldson Burg,Davidstad,43596,123.191436,58.3474905
Mr. Joseph Hughes,46,62292 Mcintyre Pass Apt. 107,Port Laura,57740,121.071699,-66.525134
Joseph Nguyen,45,1665 Steven Glen Suite 450,Riveraburgh,02276,157.656965,17.2727285
Katelyn Stewart,71,393 Ibarra Views Suite 594,North Misty,47349,-27.867128,0.435772
Mark Wagner,18,863 Kelly Isle,Port Sheliaview,64228,116.824399,37.1526235
Edward Sparks,40,1074 Jackson Road Apt. 947,South Casey,79171,-26.379074,-83.839430
Stephanie Jones,39,43382 White Meadows,Lake Mark,47809,-5.447853,-34.651081
Jonathon Jones,62,207 Bruce Heights,Port Robert,62313,89.848552,23.298294
Alex Thomas,76,62786 Nancy Port Apt. 089,East Jerry,36882,-105.436363,-6.445021
Robert Ferguson,49,7651 Turner Views Suite 578,Philliptown,85731,101.724119,43.2875695
Nicole Barnett,49,056 Kristina Spurs Apt. 850,West Jayfurt,22218,-17.006846,82.4618425
Christina Jackson,52,225 Cruz Spur Apt. 525,Sandersview,56349,-138.058149,-37.5205405
Joseph Cantrell,44,3425 Hale Shoal Suite 165,North Jason,12227,14.390363,49.3121535
Billy Evans,68,8075 Sanchez Heights Apt. 686,Richardshire,43153,140.832475,-18.454772
Laura Garza,37,47692 Erika Underpass Apt. 562,Jonesville,39419,109.452806,-64.5270055
Ross Benson,44,785 Bell Burg Apt. 404,South Yolandatown,19473,93.914212,28.601348
Douglas Best,30,7888 Kevin Course,Collinsfort,89866,-133.115068,40.5047405
Daniel Nixon,73,7442 Morris Meadow Apt. 610,Hopkinstown,53673,73.370212,62.0078725
Cynthia Vega,65,13648 Samantha Cliffs,Robinsonburgh,20417,52.420524,78.2696135
Mark Mitchell,36,9510 Sarah Inlet Suite 167,Caseyton,73196,21.518519,14.183383
Nathaniel Schultz,48,97539 Sean Plain,North Cassandraville,93728,135.442285,-22.422574
Alan Robinson,49,053 Frank Station,Aliciaside,58465,-54.780010,69.147388
Joshua Delgado,53,700 Sloan Keys Apt. 390,Danielview,83323,-78.590416,2.4979255
Samuel Wilson,64,9891 Wendy Crescent Suite 409,North Joyceview,99885,-25.228712,-20.9617375
Jodi Goodman,59,193 Arnold Mountains,Port Amy,89378,83.143413,8.585488
Kimberly Mcdonald,53,9299 Turner Dale Apt. 977,Gordonfort,84640,119.495093,28.6261365
Steven Barnett,49,60324 Christina Mews,Raymondchester,88597,118.675924,26.003886
John Wheeler,38,1738 Scott Courts,East Crystalfort,73480,-28.812705,-76.7455375
Mark Espinoza,72,37760 Craig Fords Suite 219,Riddleton,32407,89.271619,-1.412776
Eric Lucas,60,38499 Henry Route,West Jameshaven,70687,13.288949,31.2020715
Chris Townsend,40,1252 Karen Brook Apt. 064,Lake Jilltown,46081,-105.264651,11.6847625
Andrea Miller,24,4963 Sarah Hill Suite 714,North Kyleside,64554,172.718141,-62.778875
Cassandra Perry,38,06733 Kimberly Haven Apt. 736,Millerside,51268,159.192826,66.260896
Jessica Key,35,60881 John Valleys,Garrettchester,70314,-113.331144,-53.0595515
Zoe Shannon,37,30109 Penny Field Apt. 923,Port Aaronburgh,76213,-16.362431,71.6228845
Amy Cole,48,052 Lee Canyon,New Curtisberg,39709,131.140199,-74.472301
Jodi Davis,77,8271 Stephanie Lock,Fordland,98737,139.589110,21.3604115
Bradley Pena,40,7351 Smith Pines Apt. 818,Latoyatown,62572,45.119410,-65.9065225
Philip Hunter,69,27213 Amy Junctions Suite 159,Katherineberg,44662,-176.310121,-65.616927
Nicholas Reynolds,59,04396 Nicole Loaf,Sarahborough,12435,-122.879356,-43.0143985
Renee Cooley,59,5363 Mcdaniel Drive Suite 959,Collinsview,21963,47.633107,-31.9210745
Kaitlyn Odonnell,19,27387 Brooks Keys,Lake Michaelside,57090,-33.970373,58.671946
Michael Nguyen,75,531 Hall Ports Apt. 260,Elizabethland,92109,-69.632740,-7.480276
Timothy Payne,31,1343 Patton Causeway Suite 855,Rileytown,55018,150.955831,-0.8302035
John Smith,62,7549 Schneider Ville,Wagnerfurt,13878,-121.301715,9.465711
Melissa Gutierrez,76,023 Reese Radial,Maryborough,93156,-12.171697,-79.224357
Jennifer Mcguire,46,32323 Sean Islands Suite 978,Sandrashire,45163,154.210087,-36.0653035
Ryan Rice,38,8984 Alexander Harbor Suite 486,Port Phillip,79822,5.852248,4.809349
Tamara Martinez,33,84562 Benjamin Canyon Suite 943,West Zachary,95596,165.494896,26.625816
Susan Price,52,919 Sparks Hills Suite 514,New Carriebury,95321,70.077352,75.084763
Madison Glover,36,58058 Leslie Run,East Charles,83099,-128.043410,-77.437825
David Greene,60,15588 Roger Parkways,Griffinfurt,84230,-63.738333,-56.7823925
Tammy Michael,31,077 English Camp,Michellechester,57073,-46.924984,44.4810375
Lori Ortiz,35,45473 Stephen Estate,South Elizabeth,31952,119.785327,79.9482445
Carlos Bryan,22,89457 Keith Square,Williamsland,76541,26.672419,74.661929
Michael Ponce,48,48884 Amanda Row Apt. 580,Brianbury,62850,-94.488081,28.1520465
James Smith,71,4255 Bass Estate Apt. 127,West Chelseatown,12734,-149.384425,20.7236975
Bryan Mayer,57,263 Hawkins Coves,East Jessicafurt,28524,165.291718,-71.989072
Tanya Ibarra,33,5841 Spencer Locks Suite 175,Port Anthony,77178,-73.584011,14.6457665
Carol Walsh,42,42202 Arnold Way,New Amanda,88986,86.920270,-50.6335525
Mark Clay,30,59282 Stevens Lake,Victoriaside,96288,121.207697,-63.575484
Angela Williams,66,7717 Edward Loaf,West Dianaberg,76123,-88.176035,-88.8101815
Corey Hall,29,20748 Mitchell Hill,Lake Loganfort,61763,76.943070,46.148433
Angela Hansen,28,65431 Ashley Orchard,Shelleytown,88402,-3.975952,30.844472
Jose Howard,23,44578 Hale Highway Suite 240,West Seanmouth,81075,157.711748,34.2651445
Joseph Ramos,19,860 Julia Club,Port Kevin,25607,4.450168,-67.830890
Cristian Andrade,71,041 Edward Shoals,New Tinamouth,36951,41.391116,-6.771647
Whitney Hernandez,30,0814 Chad Course Apt. 259,Williamsshire,47374,-29.602594,72.3136865
Samantha Ward,20,87354 Ryan Passage,Robinsonmouth,30151,94.098966,32.061860
Pamela Miller,45,093 Katherine Street,Lake Kelly,00860,-120.994634,-28.4819055
Peggy Marshall,28,347 Bennett Cliff,Melissafurt,25919,-169.117279,57.1462935
Christopher Rose,51,45291 Daniel Corners,Cunninghamton,43657,47.541290,-88.2454065
Timothy Hernandez,71,120 Heather Views,Patriciahaven,44411,-13.664444,41.947937
Mary Rice,38,852 Stevens Heights,Torresborough,43731,-33.114255,-20.6666635
Allen Williams,60,15140 John Hill Apt. 072,Lunaton,02736,15.738856,-49.6525155
Jamie Diaz,45,4405 Marissa Station Suite 471,Benjaminmouth,58566,-92.255813,-40.8528315
Jeffrey Jones,65,5808 Gomez Fort Suite 149,Lake Karen,08750,-98.199322,-72.7316275
Dr. Tyler White,37,638 Ross Stravenue Suite 298,Andreton,47619,-82.907947,-48.6930905
Allison Crawford,31,675 Ball Ports Suite 833,Port Heatherstad,22043,-46.166958,-80.872030
Kim Guerrero,57,5136 Hayley Shore,Brownburgh,21042,179.986641,64.1923705
Raymond Ramos,64,28812 David Curve Apt. 519,North Audreybury,14480,130.665746,-60.760473
Jamie Wilcox,35,7750 Todd Drive Suite 511,Clarkeport,07684,-92.388131,-41.5584965
Ryan Oconnor,18,2418 Sanders Mews,East Jessicahaven,94981,134.975535,-1.766014
April Stevens,53,501 Sara Row Apt. 029,Gilbertfurt,69213,-131.793189,46.1798675
Michael Thornton,43,113 Jonathan Points,East David,09621,74.071071,12.878989
Michael Johnson,77,29230 Stephen Prairie Apt. 103,Lake Kevin,06850,33.526012,-84.536113
Brittany Watson,72,17503 Thompson Viaduct Suite 748,Derekborough,35295,176.162229,-89.2500775
Mason Gray,57,06576 Jorge Flat,New Michaelchester,58776,-26.125730,-59.4618775
Natalie Lozano,43,2827 Clark Drives,Susanmouth,70110,-9.842883,-19.912957
Julia Flores,53,13454 Camacho Estates Apt. 369,Christensenshire,55223,-167.709553,55.2925695
Robert Thompson,69,325 Little Court Apt. 996,Terryview,93471,81.818735,-46.198239
Brian Barrett,70,48095 Turner Terrace,South Paulport,35239,-160.830691,51.415722
Andrew Keller,66,782 George Junction,West Amberfort,43249,-58.712332,-76.5572935
Katherine Martin,29,168 Tyler Ways,Jonesside,66202,-95.081539,72.822632
Timothy Lopez,56,5896 Meza Brooks,East Anita,58688,93.813946,28.7986995
Haley Simmons,70,13747 Dudley Islands,Kellichester,72642,0.966865,76.3880585
Joe King,56,97650 Stacy Fork Apt. 344,Tiffanymouth,27150,-50.306757,-65.946655
Emma Torres,36,6332 Michael Street Suite 375,Stevenmouth,50239,27.808379,34.9930125
Kimberly Cochran,20,1284 Jones Plaza,North Angelaside,10172,-23.821670,-55.7606975
Judith Oconnell,45,3450 Mann Roads,Scottfort,06579,39.371716,-20.055156
Tina Richards,56,80590 May Prairie Apt. 802,Kaneville,46088,94.020690,55.079215
Dennis Palmer,61,218 Cesar Common Suite 399,North Jeffreyville,75916,29.208235,27.3776275
Mark Chandler,62,128 Robert Springs Suite 308,Marthafurt,72896,29.077735,75.230683
Catherine Richardson,40,92891 Joseph Meadow,Meganview,55878,-49.441119,-83.689050
Johnny Duncan,34,06302 Jeremy Wall Apt. 151,New Erica,06023,40.448690,13.3403265
Kevin Tucker,78,78358 Cook Track Suite 930,Nortonburgh,76691,-34.683788,9.2417795
Mr. Aaron Anderson,75,76092 Zuniga Village Apt. 684,Lake Alexander,08617,-167.747544,-28.2115465
Benjamin Wells,34,56583 Moore Forges Suite 190,East Savannahmouth,61108,-166.583350,-71.2250925
Nicholas Schroeder,75,828 Paige Roads Apt. 633,East Charles,93988,44.801409,-58.5004245
Gene Garcia,73,73296 Conway Forks,Zunigastad,88315,-178.559017,5.9145755
David Smith,57,02617 Sandra Alley,Port David,75251,-113.607492,-38.129169
Dr. Rebecca Jennings,79,56310 Barron Parkway,Port Cheryl,37952,29.370749,0.7304675
Jeffrey Hampton,29,23333 David Passage,Port Kellymouth,87545,-116.090804,-64.9835545
Corey Booth,66,945 Roy Ferry,South Troyborough,83207,-12.311954,80.7001605
Heidi Simpson,54,55870 Charles Mountains,Brittanyton,75204,57.139026,68.0472085
Louis Jones,80,681 Dixon Stream Suite 052,Port Alejandra,23746,136.860499,-26.949592
Grace Wall,68,752 Kimberly Light Apt. 948,Josephfurt,40217,121.619162,6.0066255
Calvin Robbins,72,5089 Jones Curve,Angelatown,06031,99.249576,-3.674545
Margaret Atkinson,62,4031 Mccoy Camp Suite 214,Zamoraland,89974,-13.121368,52.150063
Christina Adams,75,35112 Michael Unions Apt. 577,Myersshire,75186,-73.405595,84.749848
Maureen Robinson,60,5903 Alan Centers,Julietown,28868,80.840126,-5.4512825
Jennifer Mcgee DDS,71,135 Wolfe Landing,New Darin,40649,118.949003,40.964280
Katrina Bowman,47,13448 Meghan Extensions Suite 443,Martinchester,69394,60.920419,84.085036
Michael Lowe,65,02493 Beck Center,Briannachester,72615,-100.109099,-59.762505
Brooke Cooper,26,3274 Perez Street Suite 151,New Benjaminshire,86808,9.097146,-78.443729
Rachel Reyes,43,9855 Ashley Brooks Apt. 504,Mendozaberg,79710,-170.078952,-78.8589425
Charles Montgomery,26,319 Cook Highway Suite 108,Martinport,72932,-90.373417,-80.160536
Ryan Hoover,64,13097 Jack Circles Apt. 977,Ashleyshire,32917,-27.346589,24.837353
Brenda Mcfarland,45,84972 Randall Cove,Millermouth,99876,42.370053,84.2007835
Yesenia Martinez,55,54459 Anderson Villages,Port Kathryntown,84474,113.506201,66.5876375
Amy Black,34,823 Luna Summit Suite 607,Lake Colleen,71811,-134.982379,-71.0358445
Ryan Walsh,31,464 Phelps Hollow Suite 194,Lake Jessica,23679,-29.000721,-38.753228
Susan Olson,24,214 Kelley Course,Hancockview,17737,147.396304,-40.568680
Yvonne Morton,41,2659 Zamora Course,New Brianville,39919,44.457776,-38.357380
Adam Hall,64,52768 Johnson Club Apt. 614,New Michaelview,90421,-87.518943,89.985356
Joseph Baker,60,970 Taylor Squares,Smithbury,93823,1.127806,22.774573
Andrew Moore,66,90640 Timothy Stream,Smithchester,95472,-15.160578,71.623563
Karen Mccann,23,742 Martin Hill Suite 408,New Joseph,92740,-122.709302,-14.509791
Douglas Murray,58,52248 Benson Islands,East Mollyport,58145,74.142722,27.5781925
Jacob Blake,19,8057 Austin Pike,Shelbytown,15817,-2.858651,66.7756655
Clayton Lopez,50,7635 Christopher Viaduct,South Ethanhaven,07096,-10.419971,60.6848285
Stephen Ortiz,66,685 Heather Rapid,Williamsland,69811,13.722852,35.4547835
Nicholas Orr,29,875 Griffin Green Suite 297,Craigport,24976,-176.826452,-26.377684
Miss Jennifer Finley DVM,23,5092 Johnny Knolls,Bradleyhaven,30201,66.380455,-21.776364
Michael Curtis,58,056 Harding Drives Apt. 104,North Ericmouth,77953,-4.336543,42.5423755
Kerri Bell,52,176 Elizabeth Cape Suite 282,New Chelseachester,80294,-136.709704,75.536418
Amanda Murray,75,61499 James Stream Apt. 796,Dawnside,51432,-72.959889,42.041616
Brian Galloway,51,49501 Sims Path Suite 729,Keithchester,73557,10.038829,66.8087315
Matthew Robles,61,7389 Kathy Way,Rayville,18233,92.218466,-86.4213525
Patricia Morris,80,9359 Eric Avenue,South Christopherburgh,57916,102.552600,-31.186174
Victor Hess,38,60907 Mckenzie Forest Suite 899,New Ashley,74628,118.568617,-81.2500125
Debra Lee,52,38885 Solis Hills,South Daniel,54683,-132.116230,20.172782
Martin Gould,33,6978 Andersen Falls,South Maryhaven,29238,-56.337941,-34.0895145
Stacey Moore,73,9477 Giles Gardens Suite 718,Michelletown,53577,-146.655752,80.427456
Lisa Sanders,36,7288 Johnson Points,Port Samanthahaven,79780,-116.575734,-77.0909635
Kimberly Barnett,51,89270 Franklin Square,Marychester,64956,85.054022,-78.319132
Nicole Vance,24,74158 Howard Brook Apt. 851,New Michaelside,02663,-52.442655,-26.4064985
Julie Calhoun,22,8050 David Stream,Lake Janefurt,23981,51.649128,-55.9214375
Cynthia Contreras,32,85566 Kristin Pine Apt. 896,Tracyland,02027,-6.000910,35.8267905
Melanie Humphrey,29,65808 Joshua Course,Youngville,71731,49.687995,-84.739730
Jacob Ramos,70,37236 Contreras Ports,Port Samanthaside,30742,13.389040,-9.064445
Matthew Miller,55,0452 Wright Via,Kennethtown,52159,169.876438,29.099530
Kimberly Henderson,78,798 Bradley Junctions Suite 192,Lindseyburgh,60191,86.569778,-7.1738495
Sonya Gallegos,44,7158 Samuel Ranch,West Corey,26469,106.997147,-54.8474815
Mrs. Catherine Rogers MD,26,407 Justin Divide Suite 679,South Angela,86460,-23.808859,-72.8385145
Angel Anderson,28,0487 Holly Bypass Suite 851,East James,41513,123.475735,-16.2330845
Robert Mueller,77,78261 Robert Points,Ballborough,21602,167.636852,28.2123045
Dawn Graham,32,62547 Johnny Village Suite 766,Caitlinton,84716,-80.987298,-49.0635495
Elizabeth Lee,75,7417 Ritter Run,Jonesberg,85133,-137.143881,-31.180772
Stephanie Miller,71,5250 Guerra Radial,Russoshire,36014,107.208275,-4.4391455
Brian Watts,49,8187 Johnson Vista,Julianfurt,64033,113.023630,14.659447
Anthony Leonard,65,8722 Howard Corners Apt. 262,Sanderstown,59259,-74.647061,69.4599725
Jennifer Mann,30,55724 Cheryl Mountains Apt. 712,New Adam,28700,31.947411,85.3407505
Rachel Sandoval,37,116 Mendoza Squares,Caitlinview,74908,102.652741,-13.508712
Kari Perez,54,325 Pierce Road Apt. 087,West Rachelview,80543,-21.526150,36.1535305
Tony Galvan,64,79920 Morgan Bridge,Kimberlyborough,70887,69.074762,21.579038
Megan Vasquez,31,32446 Adams Common Suite 956,Lake Shawn,51700,2.680891,15.9131835
Joseph Smith,72,21550 Wilson Lakes,Lake Meganchester,94620,-39.241650,-50.6562855
Amanda Richardson,40,7250 Lopez Curve Suite 163,East Mistyborough,20112,98.483335,-23.3444225
Amanda Peters,64,359 Stanton Way,South Mary,57590,-146.492409,55.127802
Stephen Montgomery,60,889 Jennings Crest,West Lawrence,86352,-30.078582,-35.168857
Alexander Hernandez,20,467 Robbins Heights,Port Johnbury,42853,-79.152288,-35.356612
Clinton Wheeler,67,3539 Lee Center,East Davidtown,91824,59.333284,89.140952
Jesus Smith,36,2764 Larry Track Apt. 943,Stevenview,46208,-29.248616,54.4171505
Timothy Sanchez,38,2117 Powell Ridge Suite 439,Kennethton,48503,-66.348679,-57.6688905
James Harris Jr.,46,90574 Randy Parkway Suite 409,East Amy,96434,157.788671,48.7325095
Kenneth Thompson,46,384 John Squares,Smithside,03407,141.286324,88.7204655
Megan Ball,25,3659 Scott Flats,East Maryberg,69429,70.738733,74.952678
Kathleen Mcintyre,26,0738 Martin Fort Apt. 596,West Sierra,56914,126.030201,-82.753385
Stephen Young,37,051 Taylor Expressway Apt. 123,Barnesborough,31075,8.742937,-87.5734575
Ian Page,62,06531 Martinez Lake Suite 946,North Lisa,99862,-75.560472,26.8623205
Matthew Rangel,19,29780 Jones Shoal,Weissborough,42325,172.247254,38.108906
Crystal Valencia,24,72707 Knight Bridge,Lake Ambershire,06871,-160.379740,49.6782645
Lori Bush DVM,56,77807 Julie Meadow,New Dorothychester,69426,70.556519,43.367223
Nicholas Griffith DVM,71,109 Jordan Plains Apt. 417,Hillfort,02149,-136.696641,86.6447855
Heather Edwards,47,0656 Andrew Pass,Lake Jonathan,07835,-163.273114,81.6700425
Emily Trevino,55,32027 Jordan Road,Baileybury,40838,23.099714,62.194997
John Nguyen,36,61049 Fowler Village,Williamschester,62477,90.265951,-10.8772455
Nathan Osborn,44,7772 Ashley Isle Apt. 331,New Stephanieberg,52828,-5.874355,80.353233
Jessica Murray,32,800 Destiny Lodge Apt. 978,Lopezville,90650,-109.362607,-80.761796
Devin Baxter,33,433 Salazar Street,Lake Laurahaven,87471,-14.608611,45.169652
William Tran,77,410 Eric Forge,Andreport,24800,68.499501,-87.6999475
Robert Gonzalez,20,08994 Bryant Spring,Matthewton,27195,163.125764,55.279292
Adrienne Reyes,48,46319 Newman Prairie Suite 108,Ryanfurt,34653,149.938621,-6.122308
Matthew Thompson,69,986 Rivera Centers Suite 055,Lake Ryan,73852,-19.872514,45.0348085
Catherine Leonard,28,10491 Robles Pine,Lisamouth,64764,67.689911,61.0980575
James Moore,51,63131 Jessica Stream Suite 760,Danamouth,68157,133.962512,62.2408745
Gina Nelson,34,4426 Vincent Circles Suite 981,New Rebecca,65857,-112.348483,-6.547245
Matthew Bradley,54,007 Thomas Knoll,Aaronburgh,60669,123.582798,-10.1133835
Veronica Smith,33,537 Bennett Highway Apt. 207,South Carla,55491,56.887093,75.934993
Thomas Conway,57,94406 Zachary Union Suite 218,Tylerburgh,41284,-10.498165,31.846170
Tiffany Williams,21,05302 Gomez Pass Suite 453,Davidmouth,10241,-131.742331,-51.0199215
Virginia Ruiz,65,5542 Steven Estates,Adambury,18997,67.476328,-20.641262
Andrea Bowen,68,1455 Jensen Port Apt. 185,Bennettland,80406,-166.289869,9.0118505
Dave Reid,80,76274 Ramirez Circles,West Rebeccaland,58225,102.675088,73.735157
Robert Campos,76,93991 Wilson Grove Apt. 314,Carolhaven,03226,-80.984435,-60.7453065
Matthew Figueroa,42,19107 Sarah Mountains,Gregoryfort,41431,-86.935426,29.7908675
Melissa Perkins,77,381 Tina Centers,Gonzalezbury,74093,82.605055,9.803267
Anna Barnes,67,139 Nancy Squares,Bradleyton,45117,9.868469,32.483139
Larry Garrison,44,745 Chelsea Stream Suite 986,North Michael,67811,128.827598,87.956982
Anna Koch,27,2854 Klein Flat Apt. 004,New Stacey,64640,-20.141505,-13.035209
Michaela Williams,44,3454 Wesley Ford Suite 989,Lake Jessica,39911,137.870209,-12.9071815
Thomas Hernandez,44,84934 Robert Spring,Lake Jessetown,84283,29.517756,-60.999955
Michael Graham,38,95878 Erin Glens Apt. 352,Josephmouth,72270,73.272094,-41.4770435
Dakota Crawford,65,9808 Cory Path,Lake Maureenchester,71488,127.288398,69.891675
Dennis Clark,80,28202 Garrett Mews,East Rachelborough,64952,3.374998,19.2888675
Hannah Mcintyre,77,9044 Stephanie Fields Apt. 677,Butlerchester,41004,66.179100,33.1175685
Harry Wallace,55,1281 Park Ports,East Rebekah,37576,-160.604101,-79.0307315
Bryan Hunt,57,404 Bobby Ridge Suite 228,East Nancy,54882,-36.766246,24.036676
Nicholas Gray,24,15274 Reyes Pine,Port Andrea,39448,19.244257,-75.6237145
Karen Gomez,48,7387 Kevin Ville Apt. 004,South Laura,13626,-103.201320,39.5186805
Shawn West,35,397 Mcbride Parkways Suite 411,Lake Ian,98815,-159.360781,-3.8764145
Robert Mendoza,27,6805 Thomas Square,Griffithmouth,07015,100.233691,-81.0255945
Sandra Perez,73,55583 Richard Manors Apt. 278,Youngton,38849,168.963105,25.550879
Cheryl Miller,34,824 Diaz Brook,Stephenfort,93657,-32.965952,4.7849375
Kim Anderson,61,901 Wright Lodge Suite 145,New Michaelmouth,02661,176.488866,69.2216895
Alexis Jones,69,593 Irwin Village,Port Davidberg,98656,-6.345116,83.868152
Philip Miller,46,2483 Campbell Junctions,Mitchellview,00973,-121.673766,-71.016502
Danielle Rodriguez,54,3786 Powell Mission,West Kathleenchester,61161,115.463734,46.2033155
Raymond Bradshaw,36,810 Chris Stream Suite 047,Robinsonport,43505,-116.991539,-23.8790405
Anthony Morales,42,28890 Ashley Station Apt. 520,Curtisfurt,08296,130.082880,69.5159875
Penny Anderson,73,5992 Foster Fork Suite 689,West Claudiaville,33207,-89.633785,-72.742545
Donna Henderson,58,231 Vargas View Apt. 959,Guerrerostad,23708,5.513200,-4.406158
Adam Mcconnell DDS,78,54840 Bird Walk,South Thomas,39080,114.121080,-9.7195285
Alicia Riddle,80,84841 Robert Corners Suite 170,North Jenna,31456,-174.794021,-21.9052415
Brian Rodgers,74,61309 Harris Plains,Wumouth,65797,-56.840420,18.9223155
Laura Wong,36,765 Ross Grove Suite 542,South Justinport,58187,8.640499,15.145961
Andrew Thomas,75,4047 Wesley Wall,Charlesfurt,16583,-90.407057,-0.4720835
Michael Lawrence,20,48402 Young Trail,Woodsfort,60264,-41.034883,-82.3759795
Brett Middleton,57,6736 Gary Isle Apt. 158,Kevinland,16433,153.741644,-2.751818
Krista Davis,27,9517 Brandon Extension Suite 301,Gilmoremouth,23863,26.174043,21.5052795
Mary Grant,68,0446 Miles Springs,Wardstad,49580,101.762977,81.4497205
Richard Lopez,66,001 Gibson Trafficway Suite 044,Connerport,35865,138.527828,26.3315625
Thomas Young,34,4694 Catherine Meadow,Colleenville,03812,-53.764379,29.443099
Russell Dennis,43,474 Morgan Flats,North Karen,04683,-69.571167,-35.0060605
Larry Guzman,37,608 Joshua Port Suite 032,South Cynthiatown,05964,-150.355100,60.341823
Yolanda Moore,73,9638 Brooks Junctions,Alexiston,12495,-68.511756,27.728038
Roger Martinez,59,52034 Jones Harbors,Marshallhaven,70782,98.531406,-51.665708
Mary Macdonald,66,559 Lisa Pine,Lake Tammy,20571,-114.644677,-13.3072925
Maria Guzman,28,5055 Davis Port,Gregorybury,18918,-144.257188,13.030906
David Johnson,53,13249 Lori Inlet,Kevinchester,89135,103.640320,79.7444045
Sarah Clark,18,082 Kim Bypass,West Danielleside,55272,61.329049,-9.3687415
Meredith Cole,61,693 Christine Parks Suite 480,West Marieberg,99551,62.178035,-41.2127875
Anthony Reilly,44,541 Tammy Dam Suite 721,West Georgefort,73814,-161.748173,-25.0161215
Jason Robbins,54,79431 Scott Field,Paulburgh,98315,23.609838,16.935822
Betty Hancock,36,58806 William Shoals Apt. 110,Lake Gregoryborough,68828,-16.150122,-65.3166835
Patricia Arias,49,67555 Parsons Junctions,East Brittanystad,72422,71.079242,-58.5740705
Brian Woods,61,3325 Mark Squares Apt. 878,Lauraland,02115,-45.483213,-5.9620085
Sarah Williams,59,8346 Ashley Manors,Lake Barbara,96055,2.188178,-80.2134685
Aaron Ferguson,51,44789 Lopez Greens,Josephview,77516,84.929277,-69.6320505
Carlos Norman,49,899 Laura Summit,West Kyle,13510,116.489974,-76.2001635
Jessica Brown,63,44461 Daniel Locks,Lake Leah,05151,129.274316,-34.7958395
David Davidson,77,4947 Briggs Ports Suite 077,Dillonburgh,29320,-30.158815,-43.1448415
Kristy Morales,65,441 Alexis Fall Apt. 702,Hayesfurt,95182,179.475223,-39.290696
Victoria Garcia,53,35686 Katherine Extension Apt. 114,New Xavierbury,04426,-56.276476,10.8779755
Thomas Rice,54,042 Gomez Squares Suite 003,West Erinfort,68435,-28.124415,-49.085268
Rachael Wilson,60,471 Philip Ridges,Cindyside,97328,138.030664,54.840658
Brian Holland,71,58249 Roberts Forge,New Robertside,22675,19.187733,87.0557345
Kelly White,24,799 Hoffman Rapids,Port Aaron,49976,-56.096214,79.4516275
Beth Turner,37,1862 Abigail Ferry,New Sheilaburgh,38332,38.435937,-35.570130
Leslie Davis,44,9707 Porter Drive Suite 400,North Tina,83795,65.968131,84.3735135
Jeffrey Lopez,41,48526 Pamela Way Suite 348,New Kenneth,33481,-129.862406,12.939530
Alexandra Browning,58,491 Nathan Street Suite 169,New Stephenland,45386,134.553630,46.164880
Christine Walker,48,5743 Steele Drives Apt. 509,East Megan,45874,38.373300,-51.9672615
Desiree Herrera,26,32507 Brown Neck Apt. 415,Taylorstad,50418,-51.630893,-27.917295
Kenneth Ortiz,31,48721 Johnson Branch Suite 894,Kristiborough,16285,-90.793217,44.9080285
Theresa Lawrence,34,848 Thomas Ville Apt. 688,Lukestad,24373,151.950516,34.6688815
Christian Cain,55,77283 Lester Dale,East Saraside,82991,-104.423805,-51.839936
Jessica Moore,22,299 Cunningham Circle,Ochoaport,91725,166.810565,-42.7779745
Brooke Garcia,78,563 Sims Mountains Suite 896,East Scottport,90741,143.150350,-30.635160
Hunter Wilkerson,32,67589 Steven Mountain,Teresaview,84786,-116.880659,-59.013914
Amanda Li,22,0909 Derek Ports Suite 721,Michaelburgh,26143,-120.221422,52.992113
Misty Stone,59,342 Smith Trace Apt. 923,Charlottestad,67602,47.042784,24.1095515
Tammy Wright DDS,42,272 Jennifer Road Suite 749,Candaceborough,85071,-85.688909,40.773499
Megan Johnson,64,38691 Adams Glen,Lake Joshua,65227,-138.545493,7.9836645
Christopher Williams,69,812 Dominguez Brooks Apt. 384,Phillipsburgh,39985,-49.540879,-21.8363125
Gabriel Smith,70,419 Hernandez Plains Apt. 215,Leemouth,12241,125.505409,29.470918
Lisa Knapp,23,622 Reese Stream,Reedtown,58167,-21.285934,27.7399285
Valerie Rogers,58,42043 Wendy Dale Apt. 248,Griffinville,22618,-162.177952,77.640841
Samantha Bauer,64,88172 Roach Isle,South Alexisland,36309,-121.229202,-10.088959
John Vaughn,49,9132 Le Brooks Suite 314,West James,38248,-137.686957,16.6559545
Kristen Escobar,36,978 John Viaduct,South Lauraburgh,56698,9.194235,70.6243875
Shannon Sanders,38,599 Anna Haven,South Christopher,01628,59.654183,-22.676648
James Roberts,27,20768 Vazquez Green,Staceyfurt,68055,12.283638,-28.7432495
Hunter Harris,53,27244 Boyle Unions Apt. 550,Mendozaberg,51210,8.538831,32.297406
Austin Webb,24,8883 Miller Flats,Lake Valeriefurt,94305,145.182453,11.016983
David Mccormick,64,1543 Ashley Hill,Gatesburgh,16451,-17.075099,-29.853424
Joseph Phillips,44,8908 Jones Walk,Lake Ronnie,89334,-125.182193,-6.3036685
Benjamin Thompson,21,520 Mary Harbors,Port Kerryside,22596,112.479906,21.9967475
Andrea Vincent,32,5340 Ann Ville,West Billychester,75053,133.967055,75.387369
Randall Castillo DDS,60,67015 Donna Light Suite 076,North Johnberg,25641,22.178800,45.616691
Maria Jensen,63,58985 Taylor Gateway,Matthewburgh,14680,121.369322,-18.437539
Rachel Martinez,53,692 Timothy Shoal,West Zachary,37179,154.266569,-80.3112345
Roy Jenkins,18,2843 Rivers Mission,East Marcia,54594,-128.371825,2.994696
Andrew Beltran,73,13840 Brianna Shoals Suite 319,Andrewbury,42562,-102.017906,40.808568
Charles Henry,36,7700 Troy Roads Apt. 599,East Tina,04768,178.352154,22.326264
Michael Phillips,24,22638 Bobby Shores Apt. 455,Stevenside,06143,-41.012987,-60.644262
Roberto Smith,48,765 Wolfe Mission Apt. 106,Port Natalie,58617,88.344416,88.3975485
Kyle Lee,63,60437 Matthew Drive Apt. 605,Ramirezstad,11402,-170.665542,-1.6551255
Monica Morrison,29,9573 Johnson Isle,Yolandastad,25549,-18.991745,-11.185967
Timothy Watson,21,188 Todd Path Suite 691,Wheelerborough,30727,-163.250767,16.117986
Robert Mills,19,165 Michelle Meadows Suite 812,Port Cole,54914,-7.400669,72.5089695
Stephanie Olson,41,11541 Ingram Fork Apt. 382,West Kathy,69684,-106.433083,31.911271
Katherine Daniels,46,656 Gonzalez Landing Apt. 845,South Joshuafurt,20418,71.509586,32.6547035
Jennifer Foster,54,14853 Rogers Road Suite 882,Ericmouth,15022,3.304310,16.627427
Mrs. Lisa Taylor,46,79668 Leslie Branch,Payneport,99748,165.603378,85.8847135
Jordan Nguyen,60,7036 Molina Harbor,Kentview,12108,51.926871,41.9322695
Lisa Schaefer,57,8408 Christina Flats,Amandamouth,96146,62.660826,-4.340751
James Roberts,75,6128 Michael Stravenue,Nielsenfort,10357,-109.054295,68.295931
Savannah Sandoval,62,4754 Desiree Drives,Knightfurt,38693,-118.920753,-54.3469755
Patricia Espinoza,79,5510 Joseph Path Apt. 003,Courtneytown,66586,-47.920646,-11.083221
Joshua Rodriguez,30,2259 Christensen Mountains,Port Geneland,68856,124.841948,14.0120055
Vincent Castaneda,75,49873 Greene Common,Chavezport,17347,121.405919,80.955901
Theresa Wolfe,63,672 Reed Trafficway Apt. 143,Patrickshire,87466,4.123371,51.2926255
Kelsey Taylor,72,71533 Gregory Turnpike,New Kristin,51241,2.758651,88.223597
James Bray,40,39272 Michael Ways Suite 035,Jamestown,18139,-85.209687,-7.234451
Ralph Black,63,91997 Santana Village,Atkinsonview,08781,-5.532008,68.688875
Kathryn Owens,34,0005 Rachel Expressway,West Garyport,08650,-134.875410,-28.8662355
Ryan Boyle,39,6734 Mcdaniel Common,Sanchezhaven,79945,82.600163,-68.443628
Erin Horne,61,891 Trevor Mews Apt. 449,Jasonmouth,07283,67.364790,42.525131
Ryan Soto,74,5240 Jones Center Apt. 721,New Eric,99447,-28.356823,21.159148
William Cabrera,71,0405 Ferguson Trace Apt. 886,New Meghan,69963,-51.310877,-43.7032335
Marissa Riley,74,760 Amy Crossroad,Perezland,50662,78.762857,12.254840
Tracie Poole,54,204 Sutton Trail Suite 548,New Jerry,54001,23.203496,23.3839925
John Kelly,49,2706 Marsh Fort,Hessville,54971,68.735765,29.5931365
John Hansen,42,33260 Gabriela Ridge,South William,58183,-123.728869,-28.938009
Jamie Jensen,25,2479 Debra Cape,Benjamintown,92890,95.807759,84.095384
Amy Davis,38,52154 Michael Dam,South Diane,40037,-109.931686,-45.9319785
Jacqueline Sanders,50,6889 Teresa Tunnel Suite 498,West Rebeccaborough,13377,176.373102,-81.981204
Stephanie Holland,62,22002 Nicole Parks,South Nicholasshire,25322,54.318729,-83.1250525
Larry Harris,31,762 Watkins Point Suite 023,East Alexandra,82368,-77.815189,9.071811
Mariah Stevens,74,6495 April Junctions,Jeffreymouth,93337,-128.507131,-56.1748515
Justin Pena,47,98897 Oscar Manor Apt. 242,North Melaniehaven,25823,-90.087591,75.4584145
Ashley Sanchez,30,24387 Brown Causeway Suite 388,South Laura,21300,-136.913748,-15.5579945
Katie Levine,20,44002 Roberts Estate Suite 940,Lake Austin,02616,62.702783,-47.026683
Denise White,30,476 Berry Bypass Apt. 615,Duaneville,85219,124.862031,72.2382885
Ann Ramirez,48,689 Evans Row Suite 344,West Lonniechester,07626,5.564666,84.3645295
Andrea Warren,33,5158 Sullivan Spring Apt. 450,Cathystad,03439,-111.504608,-15.712965
Jessica Murphy,64,4357 Cynthia Motorway Suite 975,Lopezmouth,06889,99.398125,15.851890
Gregory Hoffman,56,764 Walsh Squares Suite 208,Lake Rebecca,17717,120.412173,57.4718235
Alexa Jennings,64,8611 Rios Landing,Lake Jefferyfort,98792,-19.996321,39.351502
Melvin Stewart,77,0089 Gonzales Glen Apt. 428,Port Tiffany,81797,46.805891,-10.008176
Heather Moore,25,98655 Jacob Haven Apt. 422,East Katherine,24517,107.460768,7.766866
James Rios,36,874 Pierce Cliff,Walshport,40312,-56.867374,-5.348018
Kimberly Ortiz,38,059 Ingram Roads,New Heatherburgh,49940,-149.391354,-29.8501295
Kelly Brown,73,10055 Margaret Groves Apt. 629,North Lauraside,09923,87.710039,-82.015016
Linda Rodriguez,22,085 York Causeway Apt. 320,East Luismouth,40723,-1.820644,85.7379155
Carol Moore,65,5497 Wade Fork Suite 172,Kingmouth,05638,168.952208,-59.1090455
Craig Gibson,49,6081 Kristen Forge,Patrickland,95584,83.638842,-53.371748
Corey Lester,73,15402 Martin Freeway,Jeffville,20312,-57.418419,89.4094445
Mrs. Ashley Hall,30,0326 Kyle Ways Suite 976,Lake Norman,00921,-161.664125,-77.4822575
Katie Atkinson,53,6775 Lyons Lock,Meganberg,50165,36.025775,12.438602
James Parsons,19,15836 Steven Cove,East Regina,63392,-69.597064,-73.592168
Sophia Yu DDS,31,21716 Walker Club Suite 012,Bullockborough,60022,6.666758,25.1147365
Shawn Miller,37,68244 Barron Throughway,East Martin,46160,-106.749434,-28.9426895
Nicole Murray,51,2548 Baxter Dale,New Kimberly,66696,-138.224607,-11.673086
Nicolas Smith,42,04206 Lee Shore,Romeroburgh,51792,120.909134,0.8143055
Terri Williams,75,18565 Baker Squares Suite 848,Melissaview,18064,62.839856,-79.447255
Jason Jones,53,620 Mark Isle,Deniseburgh,72842,163.029563,72.954822
Kayla Snyder,53,450 Harris Skyway,New Melissastad,59403,51.254934,65.7607375
Vanessa Moore,26,12590 Eric Brook,Sweeneyland,84813,-152.916278,-60.5735285
Bonnie Ball,42,70762 Reed Garden,Johnsonfort,19533,35.900842,69.392774
Kimberly Cochran,28,4678 Andrew Ville,Chaneyhaven,17389,-134.863288,67.9720445
Roy Beck,77,8580 Ryan Place Suite 028,Billmouth,74863,-11.851518,58.612080
Mr. Howard Hutchinson,71,8119 Rodriguez Fort Apt. 126,East Elizabeth,23823,-144.514089,25.4515445
Gabriel Maldonado,28,97654 Baxter Avenue,North Sharonmouth,46410,-89.980609,25.645277
Louis Rhodes,56,3962 Austin Rest Suite 065,Caldwellchester,27750,126.159884,46.177309
Paul Franco,77,428 Stephanie Crossroad Suite 001,Lake Cliffordstad,26622,174.753005,-42.2895695
Crystal Mcconnell,66,86458 Emily Dale,Lake Jeremyberg,47976,49.103008,-21.4869465
Christopher Mcpherson,32,42532 Robert Coves,South Steven,04922,14.578763,12.6073205
Jennifer Nash,23,1970 Andrew Ford Suite 808,Alexanderstad,57500,-51.915748,82.113184
Randy Patel,34,135 Chavez Union,Figueroamouth,20384,-20.227909,87.5640425
Robert Williams,31,494 Ho Extensions Suite 731,New Lorimouth,87221,53.651198,16.6721795
Jennifer Merritt,40,6826 Gonzalez Mill,North Richardburgh,44408,85.302306,-86.849323
Haley Wu,24,0299 Gutierrez Corners,Dawnchester,54819,-13.934579,64.2644735
Johnny Cox,35,15060 Paul Pike Apt. 485,West Reneemouth,12065,173.492228,-0.665612
April Ruiz,28,85273 Christopher Road Suite 894,New Michael,35201,-13.942649,63.398405
Sabrina Vincent,49,8704 Cynthia Gateway,West Annfurt,76348,127.207775,-88.7751165
Lisa Ewing,74,7872 Allen Stravenue,West Destinychester,85108,96.745244,-37.329113
Shelly Duran,60,5749 Merritt Prairie Suite 235,Lake Brittanyside,76938,25.874556,-21.497148
Daniel Perkins,72,054 April Forest Apt. 351,Pageville,61685,139.402803,-64.649309
Stephen Meza,37,570 Nancy Trail Apt. 748,South Michaelside,31218,148.476438,-72.7290735
